code,name,entry_date,exit_date,entry_px,qty,cost,proceeds,pnl,ret,reason,partial_tp,hold_days,entry_r,regime_r,streak_r,capped,success
068270,셀트리온,2016-01-18,2016-01-22,83302.0,49,4086492.6799697005,3872552.4060171475,-213940.27395255305,-0.05235303002038886,TRAIL_INTRA,False,4,1.0,0.5,0.5,False,False
012330,현대모비스,2016-01-28,2016-02-02,271000.0,15,4069675.3597499994,3728774.8826099997,-340900.4771399996,-0.08376601252069923,TRAIL_INTRA,False,5,1.0,0.5,0.5,False,False
000100,유한양행,2016-01-15,2016-02-05,43002.0,96,4132940.0400288,4314217.305950209,181277.26592140878,0.04386157654494924,TRAIL_INTRA,False,21,1.0,0.5,0.5,False,False
096770,SK이노베이션,2016-02-04,2016-02-11,142673.0,29,4142275.76517755,3821442.964711056,-320832.8004664937,-0.07745326932687735,TRAIL_INTRA,False,7,1.0,0.5,0.5,False,False
000080,하이트진로,2016-01-08,2016-02-24,27500.0,151,4157275.997875,4411558.0520739,254282.05419889977,0.061165545498753644,TRAIL_INTRA,False,47,1.0,0.5,0.5,False,False
088980,맥쿼리인프라,2016-02-02,2016-03-03,8465.0,492,4169570.121717,4112276.9564502,-57293.16526679974,-0.013740784683867318,MA20_EXIT,False,30,1.0,0.5,0.5,False,False
004990,롯데지주,2016-03-08,2016-03-11,98971.0,41,4062478.09132165,4270667.23335447,208189.1420328198,0.051246834408180016,TRAIL_INTRA,False,3,1.0,0.5,0.5,False,False
036570,NC,2016-03-10,2016-03-14,263500.0,15,3957045.9678750006,3811330.78407,-145715.1838050005,-0.036824233276029385,TRAIL_INTRA,False,4,1.0,0.5,0.5,False,False
032830,삼성생명,2016-04-14,2016-04-18,121000.0,51,6178097.57565,5660582.976774,-517514.5988760004,-0.08376601252069937,TRAIL_INTRA,False,4,1.5,1.0,0.5,False,False
004990,롯데지주,2016-05-17,2016-05-19,100241.0,62,6222090.115541301,5931107.658404892,-290982.4571364084,-0.04676603066381239,TRAIL_INTRA,False,2,1.5,1.0,0.5,False,False
033780,KT&G,2016-04-21,2016-05-25,119000.0,51,6075980.260349999,6407055.8307,331075.57035000063,0.05448924390200857,MA20_EXIT,False,34,1.5,1.0,0.5,False,False
002620,제일파마홀딩스,2016-05-13,2016-05-30,66195.0,62,4108810.3191135,5008347.564718356,899537.2456048564,0.21892888104869657,TRAIL_INTRA,True,17,1.0,0.5,0.5,False,True
073240,금호타이어,2016-06-07,2016-06-09,9880.0,846,8368093.505772,8730286.579395,362193.0736229997,0.043282627443535664,TRAIL_INTRA,False,2,2.0,1.0,1.0,False,False
204320,HL만도,2016-05-23,2016-06-17,40700.0,101,4115427.9216050003,4530392.6857866,414964.76418159995,0.10083149847021627,TRAIL_INTRA,False,25,1.0,0.5,0.5,False,False
029780,삼성카드,2016-06-09,2016-06-28,41950.0,150,6299737.318875001,5909626.612844999,-390110.70603000186,-0.06192491627566264,TRAIL_INTRA,False,19,1.5,1.0,0.5,False,False
064350,현대로템,2016-07-27,2016-08-03,21400.0,396,8484146.83116,7918762.0680432,-565384.7631167993,-0.06664014359585249,TRAIL_INTRA,False,7,2.0,1.5,0.5,False,False
120110,코오롱인더,2016-07-12,2016-08-04,80300.0,104,8360805.13268,9043723.8186048,682918.685924801,0.08168097151977229,TRAIL_INTRA,False,23,2.0,1.5,0.5,False,False
039490,키움증권,2016-07-29,2016-08-19,79100.0,107,8473434.524555,8182705.6484550005,-290728.87609999906,-0.034310629917243304,MA20_EXIT,False,21,2.0,1.5,0.5,False,False
012450,한화에어로스페이스,2016-07-05,2016-08-24,52256.0,159,8318260.255905599,9359698.275852805,1041438.0199472057,0.12519901853369284,TRAIL_INTRA,False,50,2.0,1.5,0.5,False,False
034220,LG디스플레이,2016-07-08,2016-08-26,26666.0,235,6273717.4264765,6659479.4728815,385762.0464049997,0.06148859124209149,MA20_EXIT,False,49,1.5,1.0,0.5,False,False
009540,HD한국조선해양,2016-07-28,2016-08-26,114460.0,74,8479781.816506,8725204.805016238,245422.988510238,0.02894213481206782,TRAIL_INTRA,False,29,2.0,1.5,0.5,False,False
064350,현대로템,2016-08-18,2016-08-26,23850.0,360,8595875.187900001,8255590.146,-340285.04190000147,-0.03958701522085899,TRAIL_INTRA,False,8,2.0,1.5,0.5,False,False
204320,HL만도,2016-07-28,2016-08-30,51900.0,163,8469429.923955001,8288492.86035,-180937.0636050012,-0.0213635469245973,MA20_EXIT,False,33,2.0,1.5,0.5,False,False
003490,대한항공,2016-09-01,2016-09-06,21062.0,400,8434489.78372,7894912.5853992,-539577.1983207995,-0.06397271348437404,TRAIL_INTRA,False,5,2.0,1.5,0.5,False,False
006260,LS,2016-08-31,2016-09-19,62900.0,134,8438294.15429,7882692.7167,-555601.4375900002,-0.06584286200873127,MA20_EXIT,False,19,2.0,1.5,0.5,False,False
029780,삼성카드,2016-09-01,2016-09-26,50900.0,165,8408159.534774998,8369792.476353001,-38367.05842199735,-0.004563074506771243,TRAIL_INTRA,False,25,2.0,1.5,0.5,False,False
001060,JW중외제약,2016-09-27,2016-09-30,75611.0,110,8326776.0390815,8087469.63911568,-239306.3999658199,-0.028739382306266163,TRAIL_INTRA,False,3,2.0,1.5,0.5,False,False
000720,현대건설,2016-10-11,2016-10-27,41741.0,199,8316012.67381885,7903446.113746783,-412566.5600720672,-0.04961110285112274,TRAIL_INTRA,False,16,2.0,1.5,0.5,False,False
086790,하나금융지주,2016-11-10,2016-11-17,34500.0,240,8289523.241999999,7782269.644296,-507253.5977039989,-0.061192131669759904,TRAIL_INTRA,False,7,2.0,1.5,0.5,False,False
055550,신한지주,2016-11-11,2016-11-18,45600.0,136,6208732.77024,5959578.91554,-249153.85470000003,-0.04012958262501752,MA20_EXIT,False,7,1.5,1.0,0.5,False,False
009540,HD한국조선해양,2016-11-16,2016-11-28,139442.0,44,6142504.685517199,5829573.072487032,-312931.6130301673,-0.05094527868541926,TRAIL_INTRA,False,12,1.5,1.0,0.5,False,False
005930,삼성전자,2016-11-30,2017-01-06,34920.0,176,6152988.7298880005,6348907.760976001,195919.03108800016,0.03184127904157016,MA20_EXIT,False,37,1.5,1.0,0.5,False,False
011780,금호석유화학,2016-12-15,2017-01-19,80100.0,102,8179596.95553,8776242.6978744,596645.7423444008,0.07294317135528605,TRAIL_INTRA,False,35,2.0,1.5,0.5,False,False
161390,한국타이어앤테크놀로지,2017-01-10,2017-01-20,63300.0,130,8238464.58435,7691458.152690001,-547006.4316599993,-0.0663966478291485,TRAIL_INTRA,False,10,2.0,1.5,0.5,False,False
001230,동국홀딩스,2017-01-11,2017-01-23,2469.0,3352,8285606.742613199,7883655.629591231,-401951.11302196793,-0.04851197088014299,TRAIL_INTRA,False,12,2.0,1.5,0.5,False,False
056190,SFA,2017-01-23,2017-02-07,36000.0,113,4072678.8101999993,3757440.1261725,-315238.68402749905,-0.07740327649653729,TRAIL_INTRA,False,15,1.0,0.5,0.5,False,False
036570,NC,2017-01-19,2017-02-08,300000.0,27,8109316.214999999,8073967.162788,-35349.05221199896,-0.004359066939159798,TRAIL_INTRA,False,20,2.0,1.5,0.5,False,False
005940,NH투자증권,2017-01-17,2017-02-21,11350.0,730,8295029.567825,8115504.347025,-179525.22080000024,-0.021642505229438586,MA20_EXIT,False,35,2.0,1.5,0.5,False,False
006260,LS,2017-02-10,2017-02-27,70200.0,117,8222846.642010001,7673571.0407070005,-549275.601303,-0.06679871645626782,TRAIL_INTRA,False,17,2.0,1.5,0.5,False,False
139130,iM금융지주,2017-02-01,2017-02-28,10350.0,794,8227351.817685,8233256.182320001,5904.364635000937,0.0007176506810258539,MA20_EXIT,False,27,2.0,1.5,0.5,False,False
139480,이마트,2017-01-26,2017-03-02,199500.0,41,8188907.651924999,8625496.41945,436588.7675250005,0.05331465270857827,MA20_EXIT,False,35,2.0,1.5,0.5,False,False
010140,삼성중공업,2017-03-07,2017-03-15,10287.0,814,8383248.916742699,7836325.41399642,-546923.5027462794,-0.06524004096478454,TRAIL_INTRA,False,8,2.0,1.5,0.5,False,False
028670,팬오션,2017-02-21,2017-03-23,4900.0,1698,8329769.47803,9096119.297398081,766349.8193680812,0.09200132385288096,TRAIL_INTRA,False,30,2.0,1.5,0.5,False,False
009540,HD한국조선해양,2017-02-28,2017-03-29,149434.0,55,8228322.9333305,8393866.29568575,165543.36235524993,0.020118724519753935,MA20_EXIT,False,29,2.0,1.5,0.5,False,False
005380,현대차,2017-03-21,2017-03-29,170000.0,49,8339580.749499999,7663480.874973,-676099.874526999,-0.08107120667517184,TRAIL_INTRA,False,8,2.0,1.5,0.5,False,False
011070,LG이노텍,2017-01-25,2017-03-30,99100.0,82,8135546.34893,10654911.9113112,2519365.5623811996,0.3096738011593469,TRAIL_INTRA,True,64,2.0,1.5,0.5,False,True
017670,SK텔레콤,2017-03-09,2017-04-06,42789.0,194,8310613.471059901,8476792.1034192,166178.63235929888,0.019995952517582936,MA20_EXIT,False,28,2.0,1.5,0.5,False,False
039490,키움증권,2017-03-16,2017-04-10,86300.0,97,8380728.020664999,7891865.59464,-488862.42602499947,-0.05833173738839564,MA20_EXIT,False,25,2.0,1.5,0.5,False,False
035760,CJ ENM,2017-03-24,2017-04-10,204500.0,20,4094704.1135,3888502.605,-206201.5085,-0.05035809738246182,MA20_EXIT,False,17,1.0,0.5,0.5,False,False
001740,SK네트웍스,2017-04-27,2017-05-10,8120.0,1020,8291926.002359999,7942715.24409,-349210.7582699992,-0.04211455314128573,MA20_EXIT,False,13,2.0,1.5,0.5,False,False
036570,NC,2017-04-13,2017-05-11,358500.0,23,8254983.561825,7911607.22325,-343376.33857499994,-0.04159624740658924,TRAIL_GAP,False,28,2.0,1.5,0.5,False,False
009540,HD한국조선해양,2017-05-10,2017-05-15,172324.0,48,8281065.5255328,7629398.129699136,-651667.3958336636,-0.07869366494256011,TRAIL_INTRA,False,5,2.0,1.5,0.5,False,False
056190,SFA,2017-05-11,2017-05-24,44000.0,141,6211135.530599999,6104733.7266288,-106401.80397119932,-0.017130813431295525,TRAIL_INTRA,False,13,1.5,1.0,0.5,False,False
046890,서울반도체,2017-04-25,2017-05-26,18250.0,226,4129243.7936749994,4197967.589241,68723.79556600051,0.01664319158662143,TRAIL_INTRA,False,31,1.0,0.5,0.5,False,False
027410,BGF,2017-05-08,2017-06-01,58472.0,141,8254034.4714828,9773003.987289935,1518969.515807135,0.18402752266847014,TRAIL_INTRA,True,24,2.0,1.5,0.5,False,True
005940,NH투자증권,2017-04-26,2017-06-02,13500.0,614,8298533.59335,8540049.067334998,241515.47398499865,0.02910339173399698,MA20_EXIT,False,37,2.0,1.5,0.5,False,False
006400,삼성SDI,2017-05-11,2017-06-09,146854.0,56,8233282.6311735995,8448822.323532864,215539.69235926494,0.02617907121798164,TRAIL_INTRA,False,29,2.0,1.5,0.5,False,False
011070,LG이노텍,2017-06-08,2017-06-12,151500.0,56,8493757.872599998,8167530.517776,-326227.3548239982,-0.03840789432865452,TRAIL_INTRA,False,4,2.0,1.5,0.5,False,False
003240,태광산업,2017-06-08,2017-06-13,1194000.0,7,8367612.953699999,7621465.1058,-746147.8478999985,-0.08917093226331246,TRAIL_GAP,False,5,2.0,1.5,0.5,False,False
035420,NAVER,2017-06-09,2017-06-14,192272.0,44,8469698.232195199,7760225.384030592,-709472.8481646068,-0.08376601252069919,TRAIL_INTRA,False,5,2.0,1.5,0.5,False,False
071840,롯데하이마트,2017-06-01,2017-06-20,68000.0,155,10552122.580999998,10194277.898618998,-357844.68238100037,-0.03391210437844329,TRAIL_INTRA,False,19,2.5,1.5,1.0,False,False
023530,롯데쇼핑,2017-04-27,2017-06-21,245712.0,33,8117821.9866744,8936486.454471642,818664.4677972421,0.10084779749310831,TRAIL_INTRA,False,55,2.0,1.5,0.5,False,False
010140,삼성중공업,2017-05-25,2017-06-21,10579.0,797,8441160.447169451,8401552.648932455,-39607.798236995935,-0.00469222193854608,TRAIL_INTRA,False,27,2.0,1.5,0.5,False,False
066570,LG전자,2017-05-08,2017-06-22,77000.0,107,8248476.0858499985,8725516.6828662,477040.5970162023,0.057833785544283804,TRAIL_INTRA,False,45,2.0,1.5,0.5,False,False
022100,포스코DX,2017-05-15,2017-06-22,7310.0,1144,8372258.290396,8668768.47408,296510.1836839998,0.035415795045899756,MA20_EXIT,False,38,2.0,1.5,0.5,False,False
009830,한화솔루션,2017-06-20,2017-06-26,35188.0,238,8384376.2118116,8038719.382251601,-345656.8295599995,-0.041226302449674304,MA20_EXIT,False,6,2.0,1.5,0.5,False,False
018670,SK가스,2017-06-20,2017-06-27,127145.0,65,8273930.32841375,7871223.628119149,-402706.7002946008,-0.048671753847340696,TRAIL_INTRA,False,7,2.0,1.5,0.5,False,False
009150,삼성전기,2017-06-22,2017-06-28,100000.0,82,8209431.2299999995,8424371.100096,214939.87009600084,0.026182065976816868,TRAIL_INTRA,False,6,2.0,1.5,0.5,False,False
046890,서울반도체,2017-06-26,2017-06-30,21050.0,295,6216892.143962501,6047907.747790499,-168984.39617200196,-0.027181490728628802,TRAIL_INTRA,False,4,1.5,1.0,0.5,False,False
068270,셀트리온,2017-06-20,2017-07-05,85617.0,97,8314400.82207735,7964412.729687198,-349988.0923901517,-0.04209420496794227,TRAIL_INTRA,False,15,2.0,1.5,0.5,False,False
181710,NHN,2017-06-19,2017-07-07,42879.0,196,8413950.1872426,8037260.974423297,-376689.21281930245,-0.044769603389195986,TRAIL_INTRA,False,18,2.0,1.5,0.5,False,False
001230,동국홀딩스,2017-06-28,2017-07-10,2782.0,2964,8255331.9620772,8183711.47446216,-71620.4876150405,-0.008675664157909818,TRAIL_INTRA,False,12,2.0,1.5,0.5,False,False
020150,롯데에너지머티리얼즈,2017-07-07,2017-07-19,33450.0,244,8171187.2942699995,9613407.397172399,1442220.1029023994,0.1765006786607068,TRAIL_GAP,True,12,2.0,1.5,0.5,False,True
011790,SKC,2017-07-12,2017-07-21,35247.0,232,8186709.126195599,7831010.648517984,-355698.47767761536,-0.04344828577571682,TRAIL_INTRA,False,9,2.0,1.5,0.5,False,False
028670,팬오션,2017-07-12,2017-07-25,5710.0,1437,8214707.291290499,8251572.4254622795,36865.1341717802,0.004487699057867322,TRAIL_INTRA,False,13,2.0,1.5,0.5,False,False
018260,삼성에스디에스,2017-06-26,2017-07-26,184000.0,45,8289523.242,7925366.540159999,-364156.7018400002,-0.04392975219551236,TRAIL_INTRA,False,30,2.0,1.5,0.5,False,False
035720,카카오,2017-07-31,2017-08-02,24086.0,349,8415682.1770021,7927130.325059551,-488551.85194254946,-0.058052554940541394,TRAIL_GAP,False,2,2.0,1.5,0.5,False,False
086790,하나금융지주,2017-06-28,2017-08-10,44450.0,185,8232707.9709875,9010607.7351375,777899.7641500002,0.0944889296318247,MA20_EXIT,False,43,2.0,1.5,0.5,False,False
030000,제일기획,2017-07-31,2017-08-11,20350.0,414,8434589.898735,8050851.5103792,-383738.38835579995,-0.04549579682746071,TRAIL_INTRA,False,11,2.0,1.5,0.5,False,False
004000,롯데정밀화학,2017-08-01,2017-08-14,44950.0,188,8460319.45759,8060167.9638,-400151.4937900007,-0.04729744494825346,MA20_EXIT,False,13,2.0,1.5,0.5,False,False
001430,세아베스틸지주,2017-07-03,2017-08-14,31450.0,263,8280863.293202501,8793441.844011901,512578.55080940016,0.06189916831861718,TRAIL_INTRA,False,42,2.0,1.5,0.5,False,False
088350,한화생명,2017-07-10,2017-08-17,7560.0,1085,8212034.22039,7843059.9016875,-368974.3187025003,-0.0449309280502459,MA20_EXIT,False,38,2.0,1.5,0.5,False,False
055550,신한지주,2017-07-21,2017-08-17,52300.0,160,8377624.4552,8407142.0424,29517.587200000882,0.0035233839088692127,MA20_EXIT,False,27,2.0,1.5,0.5,False,False
000080,하이트진로,2017-08-16,2017-09-04,25950.0,319,8287570.999207499,7712944.6222125,-574626.3769949991,-0.0693359220753521,MA20_EXIT,False,19,2.0,1.5,0.5,False,False
003670,포스코퓨처엠,2017-08-31,2017-09-04,30023.0,277,8325936.07410565,7977557.2244827505,-348378.84962289967,-0.0418426044257518,TRAIL_GAP,False,4,2.0,1.5,0.5,False,False
009830,한화솔루션,2017-08-14,2017-09-05,40492.0,205,8310407.234129,8182979.837741249,-127427.39638775121,-0.015333471970475182,MA20_EXIT,False,22,2.0,1.5,0.5,False,False
046890,서울반도체,2017-08-21,2017-09-08,22800.0,271,6185906.546820001,6015756.8106108,-170149.7362092007,-0.027506030833373947,TRAIL_INTRA,False,18,1.5,1.0,0.5,False,False
084990,헬릭스미스,2017-09-07,2017-09-12,75739.0,108,8189220.0107718,7806386.974975849,-382833.03579595126,-0.046748412582930575,TRAIL_INTRA,False,5,2.0,1.5,0.5,False,False
020150,롯데에너지머티리얼즈,2017-09-13,2017-09-15,44250.0,187,8284267.2037125,7736130.0682578,-548137.1354546994,-0.06616603761996692,TRAIL_INTRA,False,2,2.0,1.5,0.5,False,False
036570,NC,2017-09-06,2017-09-22,439000.0,18,7911088.4853,7900599.769722001,-10488.71557799913,-0.0013258245812177113,TRAIL_INTRA,False,16,2.0,1.5,0.5,False,False
051910,LG화학,2017-07-13,2017-09-22,314000.0,26,8173389.824599999,9880585.41411,1707195.5895100003,0.2088724049808244,TRAIL_INTRA,True,71,2.0,1.5,0.5,False,True
011790,SKC,2017-09-11,2017-09-22,37456.0,220,8249797.604048,8463455.536535999,213657.9324879991,0.025898566576125662,TRAIL_GAP,False,11,2.0,1.5,0.5,False,False
069620,대웅제약,2017-09-19,2017-09-25,110000.0,76,8369615.254,8183802.4056,-185812.84839999955,-0.02220088292722847,TRAIL_GAP,False,6,2.0,1.5,0.5,False,False
051370,인터플렉스,2017-09-12,2017-09-26,52898.0,155,8208620.2983785,8076939.17524056,-131681.12313793972,-0.016041809506519813,TRAIL_INTRA,False,14,2.0,1.5,0.5,False,False
068270,셀트리온,2017-09-14,2017-09-29,89511.0,92,8244483.499051799,9709493.173947666,1465009.6748958668,0.17769574953535391,TRAIL_INTRA,True,15,2.0,1.5,0.5,False,True
035720,카카오,2017-09-14,2017-10-16,26494.0,314,8328684.2312674,9704765.911360249,1376081.6800928488,0.16522197767166957,TRAIL_GAP,True,32,2.0,1.5,0.5,False,True
069620,대웅제약,2017-10-11,2017-10-17,112500.0,93,10474533.444374999,11132663.311881,658129.8675060011,0.06283142547598891,TRAIL_INTRA,False,6,2.5,1.5,1.0,False,False
068270,셀트리온,2017-10-13,2017-10-19,126815.0,84,10664711.926869,12033931.591846582,1369219.6649775822,0.128387871549341,TRAIL_INTRA,False,6,2.5,1.5,1.0,False,False
000150,두산,2017-09-13,2017-10-24,107132.0,77,8258651.7759746,8406259.65142425,147607.87544965,0.017873120147656407,MA20_EXIT,False,41,2.0,1.5,0.5,False,False
103140,풍산,2017-10-17,2017-10-24,58600.0,183,10736133.97857,9836810.8452972,-899323.1332727987,-0.0837660125206992,TRAIL_INTRA,False,7,2.5,1.5,1.0,False,False
128940,한미약품,2017-10-19,2017-10-26,451704.0,18,8140023.4924008,7559478.784889281,-580544.7075115191,-0.07131978280572437,TRAIL_INTRA,False,7,2.0,1.5,0.5,False,False
008930,한미사이언스,2017-10-19,2017-10-26,90326.0,94,8500409.5141966,7865276.851350647,-635132.6628459534,-0.07471788997756089,TRAIL_INTRA,False,7,2.0,1.5,0.5,False,False
066570,LG전자,2017-10-19,2017-11-01,96500.0,88,8501767.0738,7951050.598392,-550716.475407999,-0.0647767070807137,TRAIL_INTRA,False,13,2.0,1.5,0.5,False,False
088350,한화생명,2017-10-25,2017-11-07,8090.0,1037,8398978.9878995,7762015.929804481,-636963.0580950202,-0.07583815354374618,TRAIL_INTRA,False,13,2.0,1.5,0.5,False,False
204320,HL만도,2017-10-18,2017-11-08,59500.0,179,10662749.672574999,10968193.6104168,305443.937841801,0.028645888464156156,TRAIL_INTRA,False,21,2.5,1.5,1.0,False,False
018260,삼성에스디에스,2017-10-20,2017-11-13,195500.0,43,8416168.735975,8421160.592817,4991.856842000037,0.0005931269914613634,TRAIL_INTRA,False,24,2.0,1.5,0.5,False,False
004170,신세계,2017-11-07,2017-11-14,246500.0,35,8637422.919124998,8443634.14377,-193788.7753549982,-0.022435948450076553,TRAIL_INTRA,False,7,2.0,1.5,0.5,False,False
032830,삼성생명,2017-10-25,2017-11-16,133500.0,62,8286519.791549999,8067147.32745,-219372.46409999952,-0.026473413401329214,MA20_EXIT,False,22,2.0,1.5,0.5,False,False
034230,파라다이스,2017-10-26,2017-11-17,19350.0,436,8446303.35549,10969346.202471,2523042.8469809983,0.2987156322465081,TRAIL_INTRA,True,22,2.0,1.5,0.5,False,True
068760,셀트리온제약,2017-11-10,2017-11-17,30725.0,287,8828217.10896125,12855749.54788395,4027532.4389226995,0.45621130396017057,TRAIL_GAP,True,7,2.0,1.5,0.5,False,True
003670,포스코퓨처엠,2017-11-16,2017-11-20,34344.0,267,9180394.7006772,9179935.552287035,-459.1483901645988,-5.0014014117577034e-05,TRAIL_INTRA,False,4,2.0,1.5,0.5,False,False
008930,한미사이언스,2017-11-15,2017-11-21,105976.0,86,9124418.3934904,8783250.776620561,-341167.6168698389,-0.03739061517753689,TRAIL_INTRA,False,6,2.0,1.5,0.5,False,False
105630,한세실업,2017-11-20,2017-11-24,29600.0,386,11438741.15384,10746118.2354894,-692622.9183505997,-0.06055062432443323,TRAIL_INTRA,False,4,2.5,1.5,1.0,False,False
240810,원익IPS,2017-11-14,2017-11-28,38900.0,231,8996235.132885,8636962.516875,-359272.61600999907,-0.03993588547910531,MA20_EXIT,False,14,2.0,1.5,0.5,False,False
178920,PI첨단소재,2017-11-22,2017-11-28,45900.0,200,9190558.376999998,9870016.66344,679458.2864400018,0.07393003325460537,TRAIL_INTRA,False,6,2.0,1.5,0.5,False,False
010060,OCI홀딩스,2017-11-01,2017-11-28,99332.0,86,8552377.2161828,8462812.796966953,-89564.4192158468,-0.010472458937659239,TRAIL_INTRA,False,27,2.0,1.5,0.5,False,False
004000,롯데정밀화학,2017-11-21,2017-11-29,59000.0,155,9155518.121749999,9213238.602936,57720.48118600063,0.006304447265401497,TRAIL_INTRA,False,8,2.0,1.5,0.5,False,False
028050,삼성E&A,2017-12-04,2017-12-06,14000.0,656,9194562.977599999,8875676.694744,-318886.2828559987,-0.034682048905736645,TRAIL_INTRA,False,2,2.0,1.5,0.5,False,False
114090,GKL,2017-10-18,2017-12-07,26100.0,409,10687177.736235,13136616.0910431,2449438.3548080996,0.22919412545215284,MA20_EXIT,True,50,2.5,1.5,1.0,False,True
008770,호텔신라,2017-10-26,2017-12-07,69400.0,121,8407058.269609999,10145119.2492762,1738060.9796662014,0.2067383053533694,TRAIL_INTRA,True,42,2.0,1.5,0.5,False,True
120110,코오롱인더,2017-11-17,2017-12-08,82000.0,166,13627655.841799999,13373258.39496,-254397.4468399994,-0.018667733452710788,MA20_EXIT,False,21,3.0,1.5,1.5,False,False
022100,포스코DX,2017-11-24,2017-12-08,8360.0,1114,9323751.392956,8757328.22356212,-566423.1693938803,-0.06075056546679347,TRAIL_INTRA,False,14,2.0,1.5,0.5,False,False
069620,대웅제약,2017-12-15,2017-12-21,151500.0,59,8948780.615774998,9059214.0177,110433.4019250013,0.012340608923893855,TRAIL_GAP,False,6,2.0,1.5,0.5,False,False
069080,웹젠,2017-12-11,2017-12-22,34450.0,261,9001791.5162175,9316254.01041,314462.49419249967,0.03493332339745577,TRAIL_GAP,False,11,2.0,1.5,0.5,False,False
030000,제일기획,2017-12-20,2017-12-28,21800.0,417,9101055.55359,8585664.1940475,-515391.3595425002,-0.05662984436340454,MA20_EXIT,False,8,2.0,1.5,0.5,False,False
069080,웹젠,2018-01-03,2018-01-04,41700.0,217,9059307.592334999,8300445.5191266,-758862.0732083991,-0.08376601252069923,TRAIL_INTRA,False,1,2.0,1.5,0.5,False,False
039030,이오테크닉스,2017-12-27,2018-01-04,107000.0,84,8998337.548199998,8583612.2611344,-414725.2870655991,-0.0460891008860364,TRAIL_INTRA,False,8,2.0,1.5,0.5,False,False
068760,셀트리온제약,2018-01-03,2018-01-05,51645.0,175,9048269.91193125,8438978.90821545,-609291.0037158001,-0.06733784575904123,TRAIL_INTRA,False,2,2.0,1.5,0.5,False,False
011790,SKC,2017-12-28,2018-01-08,44177.0,205,9066701.08619275,8908020.26236044,-158680.82383230887,-0.017501495011670386,TRAIL_INTRA,False,11,2.0,1.5,0.5,False,False
028300,HLB,2018-01-04,2018-01-09,18368.0,486,8937115.2142272,9101045.132851858,163929.91862465814,0.018342598779939004,TRAIL_INTRA,False,5,2.0,1.5,0.5,False,False
085660,차바이오텍,2018-01-05,2018-01-09,32171.0,281,9050448.41465765,9041888.325729005,-8560.088928645477,-0.0009458193159558799,TRAIL_INTRA,False,4,2.0,1.5,0.5,False,False
068270,셀트리온,2018-01-08,2018-01-10,231095.0,39,9023070.96265575,8745474.11340026,-277596.8492554892,-0.03076522953264954,TRAIL_INTRA,False,2,2.0,1.5,0.5,False,False
010060,OCI홀딩스,2018-01-03,2018-01-11,114828.0,79,9081845.4845118,10898593.481759256,1816747.9972474556,0.2000417206332944,TRAIL_INTRA,True,8,2.0,1.5,0.5,False,True
003000,부광약품,2018-01-03,2018-01-15,16426.0,552,9077580.584872799,8751630.031785794,-325950.5530870054,-0.035907205674404134,TRAIL_INTRA,False,12,2.0,1.5,0.5,False,False
095700,제넥신,2018-01-11,2018-01-15,60212.0,191,11513719.2908738,11341851.79035465,-171867.500519149,-0.014927192176326338,TRAIL_GAP,False,4,2.5,1.5,1.0,False,False
028050,삼성E&A,2018-01-10,2018-01-16,15500.0,596,9248625.0857,8856597.1086288,-392027.97707119957,-0.042387703408730854,TRAIL_INTRA,False,6,2.0,1.5,0.5,False,False
108230,톱텍,2018-01-16,2018-01-17,34950.0,261,9132441.6107925,8367453.392478301,-764988.2183141997,-0.08376601252069928,TRAIL_INTRA,False,1,2.0,1.5,0.5,False,False
095700,제넥신,2018-01-15,2018-01-17,65588.0,139,9127217.6093098,8584777.216632782,-542440.3926770184,-0.05943107920684689,TRAIL_INTRA,False,2,2.0,1.5,0.5,False,False
068760,셀트리온제약,2018-01-15,2018-01-17,84408.0,108,9126548.8410096,8583667.298402041,-542881.5426075589,-0.05948377114557841,TRAIL_INTRA,False,2,2.0,1.5,0.5,False,False
068270,셀트리온,2018-01-12,2018-01-17,260888.0,44,11492274.6546608,10979795.466435313,-512479.18822548725,-0.04459336411853388,TRAIL_INTRA,False,5,2.5,1.5,1.0,False,False
185750,종근당,2018-01-09,2018-01-17,99737.0,90,8986654.1259495,8744733.8621505,-241920.26379900053,-0.026919948226386207,TRAIL_INTRA,False,8,2.0,1.5,0.5,False,False
035760,CJ ENM,2018-01-17,2018-01-18,255000.0,35,8935265.08875,8186793.56145,-748471.5272999993,-0.08376601252069925,TRAIL_INTRA,False,1,2.0,1.5,0.5,False,False
084990,헬릭스미스,2018-01-17,2018-01-19,133860.0,66,8844921.299214,8624185.734838609,-220735.56437539123,-0.02495619315403143,TRAIL_INTRA,False,2,2.0,1.5,0.5,False,False
010120,LS ELECTRIC,2017-12-15,2018-01-22,12820.0,708,9086999.405484,9481820.469019199,394821.06353519857,0.04344900290154352,TRAIL_INTRA,False,38,2.0,1.5,0.5,False,False
018260,삼성에스디에스,2018-01-04,2018-01-22,223500.0,40,8950282.340999998,9906708.1752,956425.8342000023,0.10685985064613533,TRAIL_INTRA,False,18,2.0,1.5,0.5,False,False
066570,LG전자,2017-12-14,2018-01-23,101500.0,88,8942273.1398,9202231.149407998,259958.00960799865,0.029070685444731653,TRAIL_INTRA,False,40,2.0,1.5,0.5,False,False
078340,컴투스,2018-01-18,2018-01-30,153500.0,57,8759563.237425,8653234.404699,-106328.83272599988,-0.01213859981873443,TRAIL_INTRA,False,12,2.0,1.5,0.5,False,False
084990,헬릭스미스,2018-01-24,2018-01-31,150618.0,57,8595100.2976839,8495696.208391199,-99404.08929270133,-0.011565204110472975,TRAIL_GAP,False,7,2.0,1.5,0.5,False,False
000070,삼양홀딩스,2018-01-30,2018-01-31,97092.0,89,8651126.6623782,7926456.278059271,-724670.3843189282,-0.08376601252069935,TRAIL_INTRA,False,1,2.0,1.5,0.5,False,False
139480,이마트,2018-01-26,2018-02-01,294500.0,29,8550322.856074998,8273018.614086,-277304.2419889979,-0.03243202001336984,TRAIL_INTRA,False,6,2.0,1.5,0.5,False,False
226320,잇츠한불,2018-02-01,2018-02-05,67900.0,127,8633218.088495,7944996.4989516,-688221.5895433994,-0.07971785057307348,TRAIL_INTRA,False,4,2.0,1.5,0.5,False,False
034730,SK,2018-01-25,2018-02-05,319500.0,27,8636421.768974999,8197801.014977999,-438620.75399699993,-0.05078732439546627,TRAIL_INTRA,False,11,2.0,1.5,0.5,False,False
071840,롯데하이마트,2018-01-26,2018-02-05,77200.0,113,8733633.44854,8167897.4328936,-565736.0156463999,-0.0647767070807138,TRAIL_INTRA,False,10,2.0,1.5,0.5,False,False
004170,신세계,2018-01-26,2018-02-06,340500.0,25,8522290.651874999,8250604.8862499995,-271685.76562499907,-0.03187942968892116,TRAIL_GAP,False,11,2.0,1.5,0.5,False,False
207940,삼성바이오로직스,2018-01-29,2018-02-06,639261.0,13,8319951.19850895,7635463.715178001,-684487.4833309492,-0.08227061277157717,TRAIL_GAP,False,8,2.0,1.5,0.5,False,False
004000,롯데정밀화학,2018-01-30,2018-02-06,76000.0,114,8673964.8996,8036039.30661,-637925.5929899989,-0.07354486677936832,TRAIL_GAP,False,7,2.0,1.5,0.5,False,False
030000,제일기획,2018-01-31,2018-02-07,21250.0,407,8658697.359812498,8217452.9089125,-441244.4508999977,-0.05095968048819214,MA20_EXIT,False,7,2.0,1.5,0.5,False,False
139130,iM금융지주,2018-02-05,2018-02-08,13150.0,641,8438844.786872499,7820153.6301882,-618691.156684299,-0.07331467426047905,TRAIL_INTRA,False,3,2.0,1.5,0.5,False,False
038540,상상인,2018-02-08,2018-02-20,21734.0,381,8290177.9941981,9367290.666923745,1077112.672725645,0.129926362676346,TRAIL_INTRA,False,12,2.0,1.5,0.5,False,False
161890,한국콜마,2018-02-21,2018-02-23,82700.0,101,8362306.857905,7905126.385575,-457180.47233000025,-0.05467157329891828,MA20_EXIT,False,2,2.0,1.5,0.5,False,False
089590,제주항공,2018-02-09,2018-02-28,33459.0,186,6230531.813606099,5904150.404714821,-326381.4088912783,-0.05238419747388718,TRAIL_INTRA,False,19,1.5,1.0,0.5,False,False
017800,현대엘리베이터,2018-03-09,2018-03-13,52419.0,159,8344207.06434315,7791094.870162074,-553112.1941810753,-0.06628696890141424,TRAIL_INTRA,False,4,2.0,1.5,0.5,False,False
081660,미스토홀딩스,2018-02-23,2018-03-13,18940.0,439,8324223.106199,8577282.975355798,253059.86915679835,0.03040041886531683,TRAIL_INTRA,False,18,2.0,1.5,0.5,False,False
028050,삼성E&A,2018-03-12,2018-03-14,18000.0,462,8325564.647399999,7830846.0153,-494718.6320999991,-0.059421631210862726,TRAIL_GAP,False,2,2.0,1.5,0.5,False,False
007390,네이처셀,2018-03-12,2018-03-19,50320.0,165,8312349.465419999,6848699.9919525,-1463649.473467499,-0.17608132087761605,TRAIL_GAP,False,7,2.0,1.5,0.5,False,False
017800,현대엘리베이터,2018-03-19,2018-03-22,56354.0,144,8124309.4396464,7443768.433402944,-680541.0062434552,-0.08376601252069922,TRAIL_INTRA,False,3,2.0,1.5,0.5,False,False
028300,HLB,2018-03-23,2018-03-27,22607.0,356,8057348.513013799,8057404.614379537,56.10136573854834,6.962757741946549e-06,TRAIL_INTRA,False,4,2.0,1.5,0.5,False,False
086280,현대글로비스,2018-03-28,2018-03-30,86784.0,69,5994983.2086144,6262897.07450925,267913.86589485034,0.04468967744728219,TRAIL_GAP,False,2,1.5,1.0,0.5,False,False
028300,HLB,2018-03-28,2018-04-10,25434.0,317,8071851.174086699,11497727.183184396,3425876.009097697,0.4244225934313417,TRAIL_INTRA,True,13,2.0,1.5,0.5,False,True
089590,제주항공,2018-03-30,2018-04-12,36020.0,226,8149882.819078,7942761.985885417,-207120.83319258317,-0.02541396456740894,TRAIL_INTRA,False,13,2.0,1.5,0.5,False,False
000100,유한양행,2018-04-09,2018-04-12,39094.0,161,6301373.1982201,6124427.895565981,-176945.3026541192,-0.028080435341315695,TRAIL_INTRA,False,3,1.5,1.0,0.5,False,False
003000,부광약품,2018-04-09,2018-04-12,18118.0,347,6294176.9309419,6412448.924579629,118271.9936377285,0.018790700505463793,TRAIL_INTRA,False,3,1.5,1.0,0.5,False,False
207940,삼성바이오로직스,2018-04-09,2018-04-13,817439.0,7,5728654.24226095,5603683.614912179,-124970.62734877039,-0.021815006119037087,TRAIL_INTRA,False,4,1.5,1.0,0.5,False,False
017800,현대엘리베이터,2018-04-19,2018-04-23,69358.0,121,8401970.4245477,7809162.687840492,-592807.7367072077,-0.0705557990272407,TRAIL_INTRA,False,4,2.0,1.5,0.5,False,False
009150,삼성전기,2018-04-12,2018-04-24,115500.0,54,6244173.485549999,6414593.543442001,170420.05789200123,0.027292652628307025,TRAIL_INTRA,False,12,1.5,1.0,0.5,False,False
052690,한전기술,2018-04-20,2018-04-24,35750.0,235,8410912.6976875,8552213.101125,141300.40343750082,0.016799651656870727,TRAIL_GAP,False,4,2.0,1.5,0.5,False,False
000720,현대건설,2018-04-30,2018-05-03,61881.0,137,8487447.62320455,8372932.192943551,-114515.43026099913,-0.013492328358871484,TRAIL_GAP,False,3,2.0,1.5,0.5,False,False
064350,현대로템,2018-05-02,2018-05-03,32600.0,262,8551023.66118,7431925.530104999,-1119098.1310750013,-0.1308730013408209,TRAIL_GAP,False,1,2.0,1.5,0.5,False,False
036460,한국가스공사,2018-05-02,2018-05-04,58200.0,146,8506973.05458,7794377.8431768,-712595.2114031995,-0.08376601252069926,TRAIL_INTRA,False,2,2.0,1.5,0.5,False,False
010120,LS ELECTRIC,2018-05-02,2018-05-08,15600.0,548,8558632.40232,7841709.893347199,-716922.5089728003,-0.08376601252069936,TRAIL_INTRA,False,6,2.0,1.5,0.5,False,False
001440,대한전선,2018-05-08,2018-05-16,14861.0,420,6248798.799242999,6823134.223963847,574335.424720848,0.091911332589301,TRAIL_GAP,True,8,1.5,1.0,0.5,False,True
004020,현대제철,2018-05-10,2018-05-16,65700.0,127,8353496.7365850005,7952087.532419999,-401409.2041650014,-0.04805283545595803,TRAIL_GAP,False,6,2.0,1.5,0.5,False,False
000720,현대건설,2018-05-14,2018-05-16,71319.0,119,8496722.27819415,8080958.491061401,-415763.78713274933,-0.04893225570050215,TRAIL_GAP,False,2,2.0,1.5,0.5,False,False
028050,삼성E&A,2018-05-14,2018-05-21,18900.0,450,8514782.025749998,8358785.022825,-155997.0029249983,-0.018320727700749072,TRAIL_INTRA,False,7,2.0,1.5,0.5,False,False
192820,코스맥스,2018-05-11,2018-05-28,165170.0,50,8267998.513774999,7867637.232255,-400361.2815199997,-0.048422998728528184,MA20_EXIT,False,17,2.0,1.5,0.5,False,False
006360,GS건설,2018-04-09,2018-05-29,33750.0,186,6284720.066625,8867973.4713783,2583253.4047533004,0.41103714682085285,TRAIL_INTRA,True,50,1.5,1.0,0.5,False,True
004020,현대제철,2018-05-28,2018-05-31,67200.0,126,8476938.55008,7766859.2093568,-710079.3407231998,-0.08376601252069929,TRAIL_INTRA,False,3,2.0,1.5,0.5,False,False
069260,TKG휴켐스,2018-05-09,2018-06-01,27600.0,226,6244774.17564,6633825.326208,389051.15056800004,0.06230027533831964,TRAIL_INTRA,False,23,1.5,1.0,0.5,False,False
000660,SK하이닉스,2018-05-23,2018-06-01,95300.0,88,8396045.617959999,7886473.537694399,-509572.0802655993,-0.06069191420012924,TRAIL_INTRA,False,9,2.0,1.5,0.5,False,False
066970,엘앤에프,2018-06-04,2018-06-15,48211.0,129,6226372.03473285,6099681.305459448,-126690.72927340213,-0.020347439659351794,TRAIL_INTRA,False,11,1.5,1.0,0.5,False,False
008770,호텔신라,2018-04-02,2018-06-18,102000.0,80,8169385.223999999,9807162.508512,1637777.2845120002,0.20047742144666433,TRAIL_INTRA,True,77,2.0,1.5,0.5,False,True
081660,미스토홀딩스,2018-05-31,2018-06-18,29150.0,215,6274458.2775874995,6823703.899566,549245.6219785009,0.08753673985536219,TRAIL_INTRA,False,18,1.5,1.0,0.5,False,False
031430,신세계인터내셔날,2018-06-21,2018-06-26,39100.0,160,6263195.338400001,6109934.3496,-153260.9888000004,-0.02447009561722412,TRAIL_GAP,False,5,1.5,1.0,0.5,False,False
098460,고영,2018-06-21,2018-06-29,21780.0,383,8351334.252261,8010123.932325601,-341210.3199353991,-0.040856982804037746,TRAIL_INTRA,False,8,2.0,1.5,0.5,False,False
020150,롯데에너지머티리얼즈,2018-07-19,2018-07-24,53200.0,78,4154372.66244,3849306.4987415997,-305066.16369840037,-0.07343254649649676,TRAIL_INTRA,False,5,1.0,0.5,0.5,False,False
081660,미스토홀딩스,2018-08-16,2018-09-04,38000.0,108,4108720.2155999993,4279697.9316864,170977.71608640114,0.04161337523962632,TRAIL_INTRA,False,19,1.0,0.5,0.5,False,False
178920,PI첨단소재,2018-09-05,2018-09-10,55400.0,75,4159778.8732499997,3983322.245445,-176456.6278049997,-0.042419713446723586,TRAIL_INTRA,False,5,1.0,0.5,0.5,False,False
003670,포스코퓨처엠,2018-08-27,2018-09-12,51768.0,80,4146203.277216,4673397.8528712,527194.5756552,0.12715116466966592,TRAIL_INTRA,False,16,1.0,0.5,0.5,False,False
088980,맥쿼리인프라,2018-09-13,2018-09-20,9162.0,454,4164332.1041321997,4088892.1000149003,-75440.00411729934,-0.01811575115309402,MA20_EXIT,False,7,1.0,0.5,0.5,False,False
111770,영원무역,2018-09-11,2018-10-08,39100.0,106,4149366.91169,3962224.626183,-187142.28550700005,-0.04510140691095902,TRAIL_INTRA,False,27,1.0,0.5,0.5,False,False
145720,덴티움,2018-09-10,2018-10-10,99900.0,41,4100610.899385,3944836.0401749997,-155774.85921000037,-0.037988207862726775,MA20_EXIT,False,30,1.0,0.5,0.5,False,False
096770,SK이노베이션,2018-09-28,2018-10-11,211549.0,19,4024053.9485646496,3892752.9178166166,-131301.03074803296,-0.032629043354368316,TRAIL_INTRA,False,13,1.0,0.5,0.5,False,False
000100,유한양행,2018-11-06,2018-11-08,38401.0,107,4113632.85938605,3867003.732151242,-246629.12723480817,-0.05995409305234327,TRAIL_INTRA,False,2,1.0,0.5,0.5,False,False
180640,한진칼,2018-11-16,2018-11-19,28400.0,145,4122736.3177,3777391.135692,-345345.1820080001,-0.08376601252069935,TRAIL_INTRA,False,3,1.0,0.5,0.5,False,False
081660,미스토홀딩스,2018-11-12,2018-11-29,52700.0,78,4115327.80659,4149809.980056,34482.173465999775,0.008378961552171474,TRAIL_INTRA,False,17,1.0,0.5,0.5,False,False
000210,DL,2018-11-28,2019-01-02,85392.0,48,4103530.2532224,4257066.607232832,153536.3540104325,0.03741567492767093,TRAIL_INTRA,False,35,1.0,0.5,0.5,False,False
025980,아난티,2019-01-08,2019-01-11,26100.0,157,4102412.969655,3882121.47252,-220291.4971350003,-0.053698030589427986,TRAIL_GAP,False,3,1.0,0.5,0.5,False,False
010140,삼성중공업,2019-01-31,2019-02-11,8590.0,478,4110742.5389029994,3766402.02791988,-344340.51098311925,-0.08376601252069915,TRAIL_INTRA,False,11,1.0,0.5,0.5,False,False
056190,SFA,2019-02-07,2019-02-27,44200.0,92,4071076.9699600004,3919937.6588796,-151139.31108040037,-0.03712514211734134,TRAIL_INTRA,False,20,1.0,0.5,0.5,False,False
031430,신세계인터내셔날,2019-03-07,2019-03-21,54000.0,75,4054658.1075,4396032.956160449,341374.8486604495,0.08419325122110792,TRAIL_INTRA,False,14,1.0,0.5,0.5,False,False
181710,NHN,2019-03-11,2019-03-21,44652.0,91,4068005.4412998,3944942.9241440403,-123062.5171557595,-0.030251315769243132,TRAIL_INTRA,False,10,1.0,0.5,0.5,False,False
003240,태광산업,2019-03-15,2019-03-28,1749000.0,2,3502023.2246999997,3194554.4478,-307468.7768999995,-0.08779746939751913,TRAIL_GAP,False,13,1.0,0.5,0.5,False,False
005300,롯데칠성,2019-03-12,2019-04-03,170293.0,24,4091732.6998548,4115734.7326128,24002.03275799984,0.005865982584554358,MA20_EXIT,False,22,1.0,0.5,0.5,False,False
003490,대한항공,2019-04-15,2019-04-17,24478.0,250,6126538.342925,5642925.186739501,-483613.1561854994,-0.07893742422162128,TRAIL_INTRA,False,2,1.5,1.0,0.5,False,False
088980,맥쿼리인프라,2019-03-26,2019-04-18,10507.0,390,4102443.0041595004,4143588.375888,41145.37172849942,0.010029480406377808,MA20_EXIT,False,23,1.0,0.5,0.5,False,False
001740,SK네트웍스,2019-04-16,2019-04-18,6430.0,950,6115525.691275,5794965.638594999,-320560.05268000066,-0.0524174157484683,TRAIL_INTRA,False,2,1.5,1.0,0.5,False,False
111770,영원무역,2019-05-20,2019-05-24,42300.0,95,4023121.877775,3707906.5852965,-315215.29247849993,-0.07835091803205095,TRAIL_INTRA,False,4,1.0,0.5,0.5,False,False
088980,맥쿼리인프라,2019-05-02,2019-06-05,11453.0,531,6088537.68668145,6220856.3790375,132318.69235605,0.021732425611078077,MA20_EXIT,False,34,1.5,1.0,0.5,False,False
000080,하이트진로,2019-06-05,2019-06-21,21400.0,189,4049251.89669,3929032.7667675,-120219.12992249988,-0.02968921988300387,MA20_EXIT,False,16,1.0,0.5,0.5,False,False
032500,케이엠더블유,2019-06-21,2019-06-25,44050.0,91,4013160.4337825,3777161.8137435005,-235998.6200389997,-0.05880617631240955,TRAIL_INTRA,False,4,1.0,0.5,0.5,False,False
012330,현대모비스,2019-07-25,2019-08-06,245500.0,16,3932517.7892,3669151.176,-263366.6132,-0.06697149951191377,TRAIL_INTRA,False,12,1.0,0.5,0.5,False,False
032500,케이엠더블유,2019-08-14,2019-08-19,58100.0,69,4013510.8363349997,3784912.8956027995,-228597.94073220016,-0.05695710066674392,TRAIL_INTRA,False,5,1.0,0.5,0.5,False,False
004800,효성,2019-07-23,2019-08-22,62551.0,64,4007868.3540896,4335532.8408864,327664.48679680005,0.0817553017834165,TRAIL_GAP,False,30,1.0,0.5,0.5,False,False
012450,한화에어로스페이스,2019-08-13,2019-09-27,36467.0,110,4015983.6772055,4711083.465307428,695099.7881019274,0.1730833200461633,TRAIL_INTRA,True,45,1.0,0.5,0.5,False,True
000270,기아,2019-09-23,2019-10-04,46400.0,87,4041442.9255199996,3786354.6327225,-255088.2927974998,-0.06311812327887283,MA20_EXIT,False,11,1.0,0.5,0.5,False,False
000080,하이트진로,2019-09-02,2019-10-08,23700.0,170,4033633.95435,4559518.56735,525884.6130000004,0.13037489741300634,MA20_EXIT,False,36,1.0,0.5,0.5,False,False
140410,메지온,2019-10-07,2019-10-10,50837.0,79,4020742.1438684496,4710246.220843974,689504.076975524,0.17148676843826052,TRAIL_INTRA,True,3,1.0,0.5,0.5,False,True
036830,솔브레인홀딩스,2019-10-08,2019-10-11,43266.0,94,4071681.6646506,3730613.127349176,-341068.53730142396,-0.0837660125206993,TRAIL_INTRA,False,3,1.0,0.5,0.5,False,False
039030,이오테크닉스,2019-10-11,2019-11-06,92100.0,44,4057060.8678599996,4104679.4205912,47618.55273120012,0.01173720441525388,TRAIL_INTRA,False,26,1.0,0.5,0.5,False,False
002790,아모레퍼시픽홀딩스,2019-10-30,2019-11-12,84306.0,72,6077013.4473048,5798528.384386896,-278485.062917904,-0.04582597444167483,TRAIL_INTRA,False,13,1.5,1.0,0.5,False,False
035420,NAVER,2019-10-31,2019-11-14,164000.0,37,6074979.1102,6271456.7655,196477.65529999975,0.03234211208563832,MA20_EXIT,False,14,1.5,1.0,0.5,False,False
007700,F&F홀딩스,2019-11-06,2019-11-21,55250.0,148,8186404.77655,8315213.85261,128809.0760600008,0.01573451100646466,TRAIL_INTRA,False,15,2.0,1.5,0.5,False,False
011210,현대위아,2019-11-12,2019-11-22,54200.0,151,8193613.05763,7687330.357617,-506282.7000129996,-0.06178992057008874,TRAIL_INTRA,False,10,2.0,1.5,0.5,False,False
035420,NAVER,2019-11-14,2019-11-22,180000.0,45,8109316.215,7491948.057495,-617368.157505,-0.07613072929170515,TRAIL_INTRA,False,8,2.0,1.5,0.5,False,False
035720,카카오,2019-10-23,2019-12-06,28100.0,145,4079186.2861750005,4323586.1644215,244399.87824649923,0.05991388014683433,MA20_EXIT,False,44,1.0,0.5,0.5,False,False
028050,삼성E&A,2019-12-13,2019-12-18,19900.0,305,6076480.835425,5823531.1769624995,-252949.6584625002,-0.04162765674958448,MA20_EXIT,False,5,1.5,1.0,0.5,False,False
207940,삼성바이오로직스,2019-12-23,2020-01-08,614534.0,9,5537167.2565209,5307494.138092962,-229673.11842793785,-0.0414784505845405,TRAIL_INTRA,False,16,1.5,1.0,0.5,False,False
034230,파라다이스,2020-01-10,2020-01-20,21150.0,286,6055857.142335,5824043.661664801,-231813.48067019973,-0.03827921881605314,TRAIL_INTRA,False,10,1.5,1.0,0.5,False,False
000660,SK하이닉스,2020-01-08,2020-01-28,97400.0,62,6045745.52582,5886235.7740980005,-159509.7517219996,-0.02638380180587652,TRAIL_INTRA,False,20,1.5,1.0,0.5,False,False
036830,솔브레인홀딩스,2020-01-14,2020-01-28,47103.0,129,6083275.64149305,5922551.397272849,-160724.24422020093,-0.02642067427027744,TRAIL_GAP,False,14,1.5,1.0,0.5,False,False
000990,DB하이텍,2020-01-22,2020-01-28,31300.0,265,8304039.919175,7517023.9140375,-787016.0051375004,-0.09477507487893794,TRAIL_GAP,False,6,2.0,1.5,0.5,False,False
039030,이오테크닉스,2019-12-27,2020-01-30,102600.0,39,4006002.2102099997,4249977.8071608,243975.59695080062,0.06090251181813779,TRAIL_INTRA,False,34,1.0,0.5,0.5,False,False
000080,하이트진로,2020-01-15,2020-01-31,31650.0,256,8111718.9753600005,7749247.283712,-362471.69164800085,-0.04468494196471029,TRAIL_INTRA,False,16,2.0,1.5,0.5,False,False
020150,롯데에너지머티리얼즈,2020-01-10,2020-01-31,45500.0,133,6058460.132724999,6441561.8045856,383101.6718606008,0.06323416569026555,TRAIL_INTRA,False,21,1.5,1.0,0.5,False,False
006400,삼성SDI,2020-01-13,2020-02-03,253569.0,31,7869679.913945849,8215725.017883151,346045.1039373018,0.04397194139040849,TRAIL_GAP,False,21,2.0,1.5,0.5,False,False
178920,PI첨단소재,2020-01-20,2020-02-03,39400.0,208,8204625.70928,7901437.2933600005,-303188.4159199996,-0.03695335127561913,TRAIL_GAP,False,14,2.0,1.5,0.5,False,False
011070,LG이노텍,2020-01-29,2020-02-03,158000.0,51,8067267.908699999,7576597.76805,-490670.14064999856,-0.060822343599230694,TRAIL_GAP,False,5,2.0,1.5,0.5,False,False
011790,SKC,2020-02-04,2020-02-10,54516.0,145,7913911.728723,7528180.925357999,-385730.8033650005,-0.04874085238593413,TRAIL_GAP,False,6,2.0,1.5,0.5,False,False
006400,삼성SDI,2020-02-04,2020-02-24,301542.0,26,7849109.2818138,8195636.2157841595,346526.93397035915,0.044148567885690396,TRAIL_INTRA,False,20,2.0,1.5,0.5,False,False
051910,LG화학,2020-02-11,2020-02-26,413500.0,19,7865536.153475,7363527.766335,-502008.3871399993,-0.06382379755742545,TRAIL_INTRA,False,15,2.0,1.5,0.5,False,False
035720,카카오,2020-02-13,2020-02-28,35928.0,221,7949220.2922132,7717705.545273749,-231514.7469394505,-0.02912420821526797,TRAIL_GAP,False,15,2.0,1.5,0.5,False,False
180640,한진칼,2020-02-26,2020-03-02,60000.0,65,3904485.585,4239245.5399710005,334759.95497100055,0.08573727516297146,TRAIL_INTRA,False,5,1.0,0.5,0.5,False,False
180640,한진칼,2020-03-03,2020-03-05,80800.0,48,3882860.7417599997,4134973.8470400004,252113.10528000072,0.06492973146539487,TRAIL_GAP,False,2,1.0,0.5,0.5,False,False
041960,코미팜,2020-03-26,2020-03-27,23098.0,171,3954300.8141636997,3623064.802653852,-331236.0115098478,-0.08376601252069928,TRAIL_INTRA,False,1,1.0,0.5,0.5,False,False
068270,셀트리온,2020-03-31,2020-04-01,186429.0,21,3919511.84760135,3591189.9691001456,-328321.8785012043,-0.0837660125206994,TRAIL_INTRA,False,1,1.0,0.5,0.5,False,False
006280,녹십자,2020-04-06,2020-04-08,154000.0,25,3854428.0774999997,4324712.833125,470284.7556250002,0.1220115529902504,TRAIL_GAP,False,2,1.0,0.5,0.5,False,False
207940,삼성바이오로직스,2020-04-10,2020-04-14,813075.0,4,3256040.632845,3143402.173142136,-112638.45970286382,-0.034593689822735654,TRAIL_INTRA,False,4,1.0,0.5,0.5,False,False
068760,셀트리온제약,2020-04-13,2020-04-16,62060.0,63,3914276.8334669997,3693939.0440572617,-220337.78940973803,-0.05629080384040641,TRAIL_INTRA,False,3,1.0,0.5,0.5,False,False
003000,부광약품,2020-04-14,2020-04-17,23136.0,170,3937643.677968,4048818.5880405004,111174.91007250035,0.02823386755245248,TRAIL_GAP,False,3,1.0,0.5,0.5,False,False
180640,한진칼,2020-04-17,2020-04-20,109500.0,35,3836907.949875,3515505.4705049996,-321402.4793700003,-0.0837660125206994,TRAIL_INTRA,False,3,1.0,0.5,0.5,False,False
196170,알테오젠,2020-05-04,2020-05-07,33097.0,177,5864906.77307535,6174619.091908201,309712.318832851,0.05280771388467422,TRAIL_GAP,False,3,1.5,1.0,0.5,False,False
196170,알테오젠,2020-05-11,2020-05-14,46837.0,126,5908249.5665192995,6326176.172978341,417926.6064590411,0.0707361125750909,TRAIL_INTRA,False,3,1.5,1.0,0.5,False,False
030190,NICE평가정보,2020-05-12,2020-05-14,20450.0,193,3951389.4695275,4252725.6823350005,301336.21280750027,0.07626082296654334,TRAIL_GAP,False,2,1.0,0.5,0.5,False,False
181710,NHN,2020-05-11,2020-05-18,46008.0,85,3915177.868602,3924826.80282162,9648.934219619725,0.0024644944734184167,TRAIL_INTRA,False,7,1.0,0.5,0.5,False,False
068760,셀트리온제약,2020-05-13,2020-05-19,68776.0,86,5921538.833610401,5859471.150844668,-62067.68276573252,-0.010481681284168739,TRAIL_INTRA,False,6,1.5,1.0,0.5,False,False
000100,유한양행,2020-05-11,2020-05-19,43597.0,90,3928242.8780595,4032496.8476189994,104253.96955949953,0.026539593603489103,TRAIL_GAP,False,8,1.0,0.5,0.5,False,False
247540,에코프로비엠,2020-05-18,2020-05-20,22979.0,259,5958406.187884149,5852485.087005564,-105921.10087858513,-0.017776750617298564,TRAIL_INTRA,False,2,1.5,1.0,0.5,False,False
007070,GS리테일,2020-05-14,2020-05-22,36606.0,109,3994643.1606080993,3741215.1396722286,-253428.0209358707,-0.06344196734140621,TRAIL_INTRA,False,8,1.0,0.5,0.5,False,False
035720,카카오,2020-05-06,2020-05-27,40043.0,98,3928727.4347321,4986303.982448274,1057576.5477161743,0.26919061331835314,TRAIL_INTRA,True,21,1.0,0.5,0.5,False,True
247540,에코프로비엠,2020-05-25,2020-05-27,28044.0,286,8029808.874687601,8067087.504333,37278.62964539882,0.004642530130812004,TRAIL_GAP,False,2,2.0,1.5,0.5,False,False
006400,삼성SDI,2020-05-26,2020-05-28,379864.0,15,5704513.508694,5226669.15870024,-477844.34999375977,-0.08376601252069928,TRAIL_INTRA,False,2,1.5,1.0,0.5,False,False
011200,HMM,2020-05-26,2020-05-28,4465.0,1354,6052563.3583415,6383919.4396106405,331356.08126914036,0.05474640439946378,TRAIL_INTRA,False,2,1.5,1.0,0.5,False,False
068760,셀트리온제약,2020-06-01,2020-06-04,91432.0,87,7963732.9647876,9361200.793259375,1397467.8284717752,0.1754789914040076,TRAIL_GAP,True,3,2.0,1.5,0.5,False,True
098460,고영,2020-06-03,2020-06-05,22720.0,355,8074876.649839999,7541756.7847092,-533119.8651307989,-0.06602204445331837,TRAIL_INTRA,False,2,2.0,1.5,0.5,False,False
039490,키움증권,2020-06-02,2020-06-09,89400.0,67,5996689.16847,5893849.2627882,-102839.9056818001,-0.017149447435515282,TRAIL_INTRA,False,7,1.5,1.0,0.5,False,False
003000,부광약품,2020-06-09,2020-06-11,31614.0,255,8070842.0147355,8016192.98754525,-54649.027190250345,-0.006771168000869525,TRAIL_GAP,False,2,2.0,1.5,0.5,False,False
003090,대웅,2020-06-09,2020-06-11,28300.0,285,8074776.534825,7970682.5512875,-104093.9835374998,-0.012891252542848947,TRAIL_GAP,False,2,2.0,1.5,0.5,False,False
011200,HMM,2020-06-04,2020-06-12,5520.0,1463,8085048.335364,7351782.494364001,-733265.8409999991,-0.09069405779464476,TRAIL_GAP,False,8,2.0,1.0,1.0,False,False
009240,한샘,2020-06-02,2020-06-12,95000.0,63,5991883.64775,5402027.4651,-589856.1826499999,-0.0984425294826103,TRAIL_GAP,False,10,1.5,1.0,0.5,False,False
068270,셀트리온,2020-06-04,2020-06-15,201083.0,40,8052571.024498,9065775.41717256,1013204.3926745607,0.125823713891145,TRAIL_INTRA,False,11,2.0,1.0,1.0,False,False
095700,제넥신,2020-06-11,2020-06-15,67839.0,121,8217960.02812785,7835800.725378253,-382159.30274959747,-0.04650294007777718,TRAIL_INTRA,False,4,2.0,1.5,0.5,False,False
019170,신풍제약,2020-06-15,2020-06-16,34300.0,179,6146761.575955,5631871.8688218,-514889.7071332,-0.08376601252069932,TRAIL_INTRA,False,1,1.5,1.0,0.5,False,False
034730,SK,2020-06-15,2020-06-18,304000.0,20,6086992.912,6090790.95216,3798.0401600003242,0.0006239600102889563,TRAIL_INTRA,False,3,1.5,1.0,0.5,False,False
185750,종근당,2020-06-16,2020-06-18,93127.0,88,8204601.6816764,8956757.597431248,752155.9157548482,0.09167488501418199,TRAIL_INTRA,False,2,2.0,1.5,0.5,False,False
207940,삼성바이오로직스,2020-06-04,2020-06-19,945436.0,8,7572187.1457231995,9246316.559136732,1674129.413413532,0.22108928123350555,TRAIL_INTRA,True,15,2.0,1.0,1.0,False,True
028260,삼성물산,2020-06-16,2020-06-23,124000.0,66,8193412.8275999995,7628165.294904,-565247.5326959994,-0.06898804498071053,TRAIL_INTRA,False,7,2.0,1.5,0.5,False,False
095700,제넥신,2020-06-19,2020-06-23,72633.0,143,10398465.054827848,10293592.249254601,-104872.80557324737,-0.010085412127682877,TRAIL_GAP,False,4,2.5,1.5,1.0,False,False
196170,알테오젠,2020-06-22,2020-06-24,93285.0,112,10459936.675188,10106574.178059073,-353362.4971289262,-0.033782470018880406,TRAIL_INTRA,False,2,2.5,1.5,1.0,False,False
145020,휴젤,2020-06-24,2020-06-26,190115.0,44,8374681.073759001,7747471.414542817,-627209.6592161842,-0.07489355758053473,TRAIL_INTRA,False,2,2.0,1.5,0.5,False,False
285130,SK케미칼,2020-06-25,2020-06-29,76061.0,109,8300184.489947349,7976144.401869599,-324040.08807775006,-0.039040106695243534,TRAIL_GAP,False,4,2.0,1.5,0.5,False,False
000080,하이트진로,2020-06-01,2020-06-29,38750.0,155,6013158.0884374995,6689550.5596934995,676392.471256,0.11248539641035091,TRAIL_INTRA,False,28,1.5,1.0,0.5,False,False
068270,셀트리온,2020-06-23,2020-06-30,259293.0,32,8306919.2270064,7909779.985964352,-397139.24104204774,-0.047808246377419816,TRAIL_INTRA,False,7,2.0,1.5,0.5,False,False
285130,SK케미칼,2020-06-29,2020-06-30,89738.0,91,8175550.3066237,7490717.057275453,-684833.2493482474,-0.08376601252069925,TRAIL_INTRA,False,1,2.0,1.5,0.5,False,False
247540,에코프로비엠,2020-07-06,2020-07-08,33924.0,244,8286976.316018401,8018511.611913935,-268464.70410446543,-0.032395978203236045,TRAIL_INTRA,False,2,2.0,1.5,0.5,False,False
019170,신풍제약,2020-07-07,2020-07-09,37950.0,218,8282615.305965001,8748632.335275,466017.0293099992,0.0562644783193518,TRAIL_GAP,False,2,2.0,1.5,0.5,False,False
078340,컴투스,2020-06-30,2020-07-10,117600.0,69,8123732.77716,8671121.516682,547388.7395220008,0.06738143099204255,TRAIL_INTRA,False,10,2.0,1.5,0.5,False,False
019170,신풍제약,2020-07-10,2020-07-14,48650.0,176,8572248.044359999,10020571.507890001,1448323.4635300022,0.1689549177806291,TRAIL_INTRA,True,4,2.0,1.5,0.5,False,True
003670,포스코퓨처엠,2020-06-16,2020-07-15,62594.0,131,8209245.016072099,9128672.006631551,919426.9905594522,0.11199897052157581,TRAIL_INTRA,False,29,2.0,1.5,0.5,False,False
200130,콜마비앤에이치,2020-07-03,2020-07-15,49600.0,165,8193412.827599999,9126554.906403,933142.078803001,0.11388930332664995,TRAIL_INTRA,False,12,2.0,1.5,0.5,False,False
096530,씨젠,2020-07-08,2020-07-15,73726.0,112,8266809.1473968,9789100.194560345,1522291.0471635452,0.18414493670062665,TRAIL_INTRA,True,7,2.0,1.5,0.5,False,True
005290,동진쎄미켐,2020-07-10,2020-07-16,30400.0,282,8582660.00592,8083598.684625,-499061.3212950006,-0.05814762800236368,TRAIL_INTRA,False,6,2.0,1.5,0.5,False,False
036570,NC,2020-05-12,2020-07-16,747000.0,5,3739295.81025,4572759.417246,833463.6069959998,0.2228931994926276,TRAIL_GAP,True,65,1.0,0.5,0.5,False,True
009240,한샘,2020-07-03,2020-07-16,95700.0,85,8143855.895174999,9658143.124065,1514287.2288900018,0.18594229175729565,TRAIL_GAP,True,13,2.0,1.5,0.5,False,True
004370,농심,2020-06-12,2020-07-17,342000.0,24,8217440.431199999,8838985.182983998,621544.7517839996,0.07563726892672284,TRAIL_INTRA,False,35,2.0,1.5,0.5,False,False
006280,녹십자,2020-07-20,2020-07-22,218500.0,39,8531301.003224999,8301953.061675,-229347.9415499987,-0.026883114481988234,TRAIL_GAP,False,2,2.0,1.5,0.5,False,False
005250,녹십자홀딩스,2020-07-20,2020-07-22,26650.0,324,8644531.08519,8706058.217009999,61527.131819998845,0.007117463193047969,TRAIL_GAP,False,2,2.0,1.5,0.5,False,False
007570,일양약품,2020-07-21,2020-07-22,109192.0,78,8526771.7999464,7812518.126590944,-714253.6733554555,-0.08376601252069926,TRAIL_INTRA,False,1,2.0,1.5,0.5,False,False
009830,한화솔루션,2020-07-21,2020-07-24,30911.0,278,8603141.5356887,8129591.49461616,-473550.04107254,-0.055043851029080076,TRAIL_INTRA,False,3,2.0,1.5,0.5,False,False
034020,두산에너빌리티,2020-07-22,2020-07-24,7608.0,1121,8538377.132485202,8264238.574614299,-274138.5578709021,-0.03210663497491949,TRAIL_GAP,False,2,2.0,1.5,0.5,False,False
196170,알테오젠,2020-07-23,2020-07-27,102875.0,83,8548445.699543748,8107527.971307077,-440917.7282366706,-0.051578701407696076,TRAIL_INTRA,False,4,2.0,1.5,0.5,False,False
003520,영진약품,2020-07-23,2020-07-27,6470.0,1321,8556700.1825305,10084710.66337116,1528010.4808406606,0.1785747365509279,TRAIL_GAP,True,4,2.0,1.5,0.5,False,True
285130,SK케미칼,2020-07-24,2020-07-28,187150.0,46,8618801.526335,9593771.4560691,974969.9297341015,0.11312128800681306,TRAIL_GAP,True,4,2.0,1.5,0.5,False,True
086450,동국제약,2020-07-24,2020-07-28,31431.0,275,8653466.35027875,8226512.122930201,-426954.2273485493,-0.04933909835274231,TRAIL_INTRA,False,4,2.0,1.5,0.5,False,False
010120,LS ELECTRIC,2020-07-22,2020-07-28,11760.0,725,8535806.1789,8445927.363255,-89878.81564499997,-0.010529622365040927,TRAIL_INTRA,False,6,2.0,1.5,0.5,False,False
011780,금호석유화학,2020-07-15,2020-07-29,88300.0,122,10784990.105889998,10273256.377682399,-511733.7282075994,-0.047448697048699806,TRAIL_INTRA,False,14,2.5,1.5,1.0,False,False
095700,제넥신,2020-07-27,2020-07-29,84036.0,129,10853112.3666966,12587668.520936275,1734556.154239675,0.15982108132983683,TRAIL_GAP,True,2,2.5,1.5,1.0,False,True
058470,리노공업,2020-07-27,2020-07-29,28372.0,382,10850569.4453156,10371194.796627,-479374.64868859947,-0.04417967656946841,TRAIL_GAP,False,2,2.5,1.5,1.0,False,False
066570,LG전자,2020-07-15,2020-08-03,74900.0,144,10798005.05784,10236931.781039998,-561073.2768000029,-0.05196082737455563,MA20_EXIT,False,19,2.5,1.5,1.0,False,False
034020,두산에너빌리티,2020-07-29,2020-08-03,9620.0,907,8735375.449801,8224122.588226831,-511252.86157416925,-0.058526718686809975,TRAIL_INTRA,False,5,2.0,1.5,0.5,False,False
096530,씨젠,2020-07-23,2020-08-04,105991.0,80,8489032.443892,10755436.443721632,2266403.9998296313,0.26698024949360943,TRAIL_INTRA,True,12,2.0,1.5,0.5,False,True
008930,한미사이언스,2020-08-03,2020-08-06,46574.0,192,8952492.8805312,11576165.698793754,2623672.8182625547,0.29306617198972607,TRAIL_INTRA,True,3,2.0,1.5,0.5,False,True
185750,종근당,2020-08-05,2020-08-07,153760.0,75,11545263.5298,10578162.840408001,-967100.6893919986,-0.08376601252069919,TRAIL_INTRA,False,2,2.5,1.5,1.0,False,False
036830,솔브레인홀딩스,2020-08-07,2020-08-10,75000.0,155,11638370.493749999,10663470.60525,-974899.8884999994,-0.08376601252069928,TRAIL_INTRA,False,3,2.5,1.5,1.0,False,False
096770,SK이노베이션,2020-08-07,2020-08-11,181047.0,64,11600334.7972512,11408418.36851328,-191916.42873791978,-0.01654404222741882,TRAIL_INTRA,False,4,2.5,1.5,1.0,False,False
069080,웹젠,2020-08-03,2020-08-11,36550.0,245,8965049.305712499,8966946.830247002,1897.524534502998,0.0002116580143395198,TRAIL_INTRA,False,8,2.0,1.5,0.5,False,False
000990,DB하이텍,2020-07-28,2020-08-12,33300.0,260,8667957.998699998,8538114.786551999,-129843.21214799955,-0.014979677124355373,TRAIL_INTRA,False,15,2.0,1.5,0.5,False,False
011200,HMM,2020-07-30,2020-08-12,5850.0,1501,8790949.2946275,9569100.402618298,778151.1079907976,0.08851730136429711,TRAIL_INTRA,False,13,2.0,1.5,0.5,False,False
011790,SKC,2020-08-03,2020-08-13,72375.0,123,8912363.77906875,10844662.862019598,1932299.082950849,0.2168110650385452,TRAIL_GAP,True,10,2.0,1.5,0.5,False,True
051910,LG화학,2020-07-31,2020-08-14,568000.0,15,8529799.277999999,10638943.12728,2109143.8492800016,0.24726770004071388,TRAIL_INTRA,True,14,2.0,1.5,0.5,False,True
020150,롯데에너지머티리얼즈,2020-08-03,2020-08-14,55200.0,162,8952685.10136,8603976.0501612,-348709.051198801,-0.03895021965486407,TRAIL_INTRA,False,11,2.0,1.5,0.5,False,False
005380,현대차,2020-08-10,2020-08-14,170000.0,54,9190558.376999998,8940804.128117999,-249754.2488819994,-0.027175089764624804,TRAIL_INTRA,False,4,2.0,1.5,0.5,False,False
009410,태영건설,2020-08-11,2020-08-14,20041.0,463,9289655.22229745,8576052.892424047,-713602.3298734035,-0.07681687993765182,TRAIL_INTRA,False,3,2.0,1.5,0.5,False,False
066570,LG전자,2020-08-12,2020-08-18,87300.0,105,9177042.849975,8697264.218811,-479778.63116399944,-0.05228030848360989,TRAIL_INTRA,False,6,2.0,1.5,0.5,False,False
028260,삼성물산,2020-08-13,2020-08-18,126500.0,90,11398094.45775,10649711.28834,-748383.1694099996,-0.06565862146379611,TRAIL_INTRA,False,5,2.5,1.5,1.0,False,False
000990,DB하이텍,2020-08-13,2020-08-18,36900.0,310,11452156.565849999,10791432.252513,-660724.3133369982,-0.05769431368998736,TRAIL_INTRA,False,5,2.5,1.5,1.0,False,False
064760,티씨케이,2020-08-19,2020-08-20,109000.0,81,8839154.674349999,8098733.9332260005,-740420.7411239985,-0.08376601252069917,TRAIL_INTRA,False,1,2.0,1.5,0.5,False,False
000990,DB하이텍,2020-08-19,2020-08-20,38600.0,231,8926855.42749,8179088.343980399,-747767.0835096007,-0.0837660125206994,TRAIL_INTRA,False,1,2.0,1.5,0.5,False,False
237690,에스티팜,2020-08-25,2020-08-31,65700.0,134,8813925.69057,8505826.2562032,-308099.4343667999,-0.03495598274630733,TRAIL_INTRA,False,6,2.0,1.5,0.5,False,False
034020,두산에너빌리티,2020-08-28,2020-09-01,11526.0,781,9012159.427170899,10696294.991198808,1684135.5640279092,0.1868736985444779,TRAIL_INTRA,True,4,2.0,1.5,0.5,False,True
032350,롯데관광개발,2020-08-12,2020-09-04,18800.0,489,9203773.55898,8215359.0998175,-988414.4591624988,-0.10739230521356276,TRAIL_GAP,False,23,2.0,1.5,0.5,False,False
278280,천보,2020-08-21,2020-09-04,146400.0,60,8794102.9176,9093113.784,299010.8663999997,0.03400129259365125,TRAIL_GAP,False,14,2.0,1.5,0.5,False,False
009830,한화솔루션,2020-08-25,2020-09-04,40321.0,218,8800087.7931967,10765836.53308377,1965748.73988707,0.2233783100899038,TRAIL_GAP,True,10,2.0,1.5,0.5,False,True
095700,제넥신,2020-08-27,2020-09-04,128559.0,69,8880773.487235649,8719485.515620649,-161287.9716149997,-0.01816147792158185,TRAIL_GAP,False,8,2.0,1.5,0.5,False,False
003520,영진약품,2020-09-01,2020-09-04,7630.0,1499,11450524.6911055,14704600.72629366,3254076.035188161,0.28418575768111753,TRAIL_GAP,True,3,2.5,1.5,1.0,False,True
010120,LS ELECTRIC,2020-09-04,2020-09-08,13820.0,849,11746674.916977,12138768.493587,392093.5766100008,0.033379111908794175,TRAIL_GAP,False,4,2.5,1.5,1.0,False,False
006260,LS,2020-09-04,2020-09-08,59100.0,198,11715258.82527,12792575.33928,1077316.514009999,0.09195840485284117,TRAIL_GAP,False,4,2.5,1.5,1.0,False,False
000880,한화,2020-09-04,2020-09-08,32200.0,364,11734280.67812,11586078.6684552,-148202.00966480002,-0.012629833368579702,TRAIL_INTRA,False,4,2.5,1.5,1.0,False,False
112610,씨에스윈드,2020-09-04,2020-09-08,56227.0,208,11708667.252682399,12349469.499868799,640802.2471864,0.05472888018400175,TRAIL_GAP,False,4,2.5,1.5,1.0,False,False
196170,알테오젠,2020-08-31,2020-09-08,116221.0,79,9192019.05506885,9187640.769756638,-4378.285312213004,-0.0004763137767647077,TRAIL_INTRA,False,8,2.0,1.5,0.5,False,False
035720,카카오,2020-08-18,2020-09-08,75870.0,117,8886999.6400185,9057926.185519304,170926.54550080374,0.019233324229148717,TRAIL_INTRA,False,21,2.0,1.5,0.5,False,False
003520,영진약품,2020-09-04,2020-09-09,11150.0,1052,11743291.02947,11695219.963110002,-48071.06635999866,-0.004093491870325231,TRAIL_GAP,False,5,2.5,1.5,1.0,False,False
006280,녹십자,2020-09-08,2020-09-09,287000.0,33,9481893.070649998,8687632.696974002,-794260.3736759964,-0.08376601252069896,TRAIL_INTRA,False,1,2.0,1.5,0.5,False,False
139480,이마트,2020-09-10,2020-09-18,145500.0,64,9322710.1968,9128848.125888,-193862.0709119998,-0.020794604446520558,TRAIL_INTRA,False,8,2.0,1.5,0.5,False,False
141080,리가켐바이오,2020-09-15,2020-09-21,65300.0,144,9414015.09048,8744321.0826432,-669694.0078368001,-0.07113797900260789,TRAIL_INTRA,False,6,2.0,1.5,0.5,False,False
237690,에스티팜,2020-09-16,2020-09-21,74600.0,126,9410410.94994,9096009.2228628,-314401.72707719915,-0.03340998908014785,TRAIL_INTRA,False,5,2.0,1.5,0.5,False,False
000120,CJ대한통운,2020-09-16,2020-09-22,177500.0,53,9418320.036124999,8896774.314006,-521545.72211899795,-0.05537566361288979,TRAIL_INTRA,False,6,2.0,1.5,0.5,False,False
000270,기아,2020-09-17,2020-09-22,48500.0,194,9419821.761349998,8897691.6018,-522130.1595499981,-0.05542887888731869,TRAIL_INTRA,False,5,2.0,1.5,0.5,False,False
009410,태영건설,2020-08-26,2020-09-22,21007.0,420,8833087.704441,8641786.65302988,-191301.05141112022,-0.021657325027457843,TRAIL_INTRA,False,27,2.0,1.5,0.5,False,False
011200,HMM,2020-09-10,2020-09-22,7080.0,1331,9434318.415522,9376589.213291522,-57729.202230477706,-0.006119064429232915,TRAIL_INTRA,False,12,2.0,1.5,0.5,False,False
000100,유한양행,2020-09-21,2020-09-23,60366.0,155,9367491.643009499,8582814.220753621,-784677.4222558774,-0.08376601252069905,TRAIL_INTRA,False,2,2.0,1.5,0.5,False,False
278280,천보,2020-09-21,2020-09-23,193000.0,48,9274654.989599999,8643052.510185601,-631602.4794143979,-0.06809983553271105,TRAIL_INTRA,False,2,2.0,1.5,0.5,False,False
009410,태영건설,2020-09-23,2020-09-25,21668.0,418,9067641.1661836,8931915.60939414,-135725.55678945966,-0.014968121731109922,TRAIL_INTRA,False,2,2.0,1.5,0.5,False,False
011780,금호석유화학,2020-10-08,2020-10-15,141000.0,64,9034378.953599999,8923375.660032,-111003.29356799833,-0.012286765270540926,TRAIL_INTRA,False,7,2.0,1.5,0.5,False,False
022100,포스코DX,2020-10-12,2020-10-15,7800.0,1162,9074024.499540001,8655013.94301936,-419010.55652064085,-0.046176925854881944,TRAIL_INTRA,False,3,2.0,1.5,0.5,False,False
192820,코스맥스,2020-10-12,2020-10-15,123510.0,73,9026600.0169345,8270477.72689662,-756122.2900378788,-0.08376601252069919,TRAIL_INTRA,False,3,2.0,1.5,0.5,False,False
086280,현대글로비스,2020-10-13,2020-10-19,82532.0,109,9006334.735598201,9827263.713937249,820928.9783390481,0.091150174009663,TRAIL_INTRA,False,6,2.0,1.5,0.5,False,False
086280,현대글로비스,2020-10-20,2020-10-22,99789.0,90,8991339.5086515,8527199.061803399,-464140.4468481019,-0.05162083429298874,TRAIL_INTRA,False,2,2.0,1.5,0.5,False,False
145020,휴젤,2020-10-22,2020-10-23,219900.0,40,8806116.7194,8068463.436024001,-737653.283375999,-0.0837660125206992,TRAIL_INTRA,False,1,2.0,1.5,0.5,False,False
006280,녹십자,2020-11-03,2020-11-05,378000.0,23,8703999.404099999,8829353.661146998,125354.25704699941,0.014401914709225689,TRAIL_INTRA,False,2,2.0,1.5,0.5,False,False
005250,녹십자홀딩스,2020-11-05,2020-11-10,38400.0,237,9111267.28512,8717628.0078378,-393639.2772821989,-0.04320357036666766,TRAIL_INTRA,False,5,2.0,1.5,0.5,False,False
009830,한화솔루션,2020-11-09,2020-11-11,59542.0,154,9180014.2636202,8700911.355079943,-479102.9085402563,-0.05218977822713305,TRAIL_INTRA,False,2,2.0,1.5,0.5,False,False
011200,HMM,2020-10-23,2020-11-11,8070.0,1105,8927606.290102499,12532235.90225706,3604629.612154562,0.40376216143747273,TRAIL_INTRA,True,19,2.0,1.5,0.5,False,True
011200,HMM,2020-11-12,2020-11-16,14350.0,646,9280762.005515,8856313.945875,-424448.05963999964,-0.0457341821057124,TRAIL_GAP,False,4,2.0,1.5,0.5,False,False
028670,팬오션,2020-11-12,2020-11-16,4510.0,2055,9278709.6477075,8605145.59209855,-673564.0556089487,-0.07259242730753698,TRAIL_INTRA,False,4,2.0,1.5,0.5,False,False
003490,대한항공,2020-11-10,2020-11-17,18803.0,491,9242891.49879095,10691008.02352874,1448116.5247377902,0.1566735393277327,TRAIL_GAP,True,7,2.0,1.5,0.5,False,True
204320,HL만도,2020-11-13,2020-11-18,44700.0,205,9174039.399525002,8706437.096751,-467602.3027740009,-0.05097016509414726,TRAIL_INTRA,False,5,2.0,1.5,0.5,False,False
139480,이마트,2020-11-11,2020-11-19,162000.0,57,9244620.4851,8808953.97825,-435666.5068499986,-0.04712648913518768,TRAIL_GAP,False,8,2.0,1.5,0.5,False,False
307950,현대오토에버,2020-11-13,2020-11-19,81000.0,113,9163527.322949998,9216149.99463,52622.67168000154,0.0057426217902148205,TRAIL_GAP,False,6,2.0,1.5,0.5,False,False
039200,오스코텍,2020-11-18,2020-11-25,55512.0,165,9170014.775921999,9410038.112699732,240023.33677773364,0.026174803710019158,TRAIL_INTRA,False,7,2.0,1.5,0.5,False,False
034020,두산에너빌리티,2020-11-27,2020-12-01,16505.0,568,9385622.472226,8900575.554624336,-485046.9176016636,-0.05167978139297824,TRAIL_INTRA,False,4,2.0,1.5,0.5,False,False
018880,한온시스템,2020-11-19,2020-12-04,14407.0,638,9202237.7946499,9383571.607979449,181333.81332954764,0.019705403987166414,TRAIL_INTRA,False,15,2.0,1.5,0.5,False,False
066970,엘앤에프,2020-11-27,2020-12-04,48954.0,191,9360968.1486321,9351930.682813212,-9037.465818887576,-0.0009654413598456912,TRAIL_INTRA,False,7,2.0,1.5,0.5,False,False
068760,셀트리온제약,2020-11-25,2020-12-07,139172.0,66,9195916.5326028,11801927.85277563,2606011.3201728296,0.28338788319071745,TRAIL_INTRA,True,12,2.0,1.5,0.5,False,True
008930,한미사이언스,2020-12-04,2020-12-08,72930.0,135,9856873.8593325,10271027.36834298,414153.5090104807,0.042016719998740744,TRAIL_INTRA,False,4,2.0,1.5,0.5,False,False
068270,셀트리온,2020-11-25,2020-12-08,268655.0,34,9144775.7806405,10244969.056691028,1100193.2760505285,0.12030839273059477,TRAIL_INTRA,False,13,2.0,1.5,0.5,False,False
039490,키움증권,2020-11-23,2020-12-10,121500.0,76,9244620.4851,10108511.48988,863891.0047800001,0.09344796859669631,TRAIL_INTRA,False,17,2.0,1.5,0.5,False,False
207940,삼성바이오로직스,2020-12-07,2020-12-10,1279976.0,9,11533033.479567599,10559124.13342275,-973909.3461448494,-0.08444520237197504,TRAIL_GAP,False,3,2.5,1.5,1.0,False,False
003090,대웅,2020-12-10,2020-12-14,42650.0,227,9692685.2347325,11446894.204443,1754208.969710501,0.18098276455161436,TRAIL_INTRA,True,4,2.0,1.5,0.5,False,True
004020,현대제철,2020-12-04,2020-12-15,37800.0,261,9877147.149869999,10186985.460656699,309838.3107866999,0.03136921077365724,TRAIL_INTRA,False,11,2.0,1.5,0.5,False,False
003670,포스코퓨처엠,2020-12-09,2020-12-15,102262.0,95,9726063.5807335,9122495.90791455,-603567.6728189513,-0.062056727041612934,TRAIL_INTRA,False,6,2.0,1.5,0.5,False,False
047040,대우건설,2020-12-10,2020-12-15,4675.0,2078,9725823.304697499,9120803.51193462,-605019.7927628793,-0.06220756575648041,TRAIL_INTRA,False,5,2.0,1.5,0.5,False,False
006360,GS건설,2020-12-10,2020-12-15,38150.0,254,9701245.068514999,9214797.9921858,-486447.0763291996,-0.050142746925128615,TRAIL_INTRA,False,5,2.0,1.5,0.5,False,False
307950,현대오토에버,2020-12-14,2020-12-16,111500.0,109,12167478.348025,14264323.722675,2096845.3746499997,0.17233195857631053,TRAIL_INTRA,True,2,2.5,1.5,1.0,False,True
066970,엘앤에프,2020-12-16,2020-12-18,68767.0,180,12392296.625709,12259386.255007079,-132910.37070192024,-0.010725241229796342,TRAIL_INTRA,False,2,2.5,1.5,1.0,False,False
272210,한화시스템,2020-12-15,2020-12-21,13233.0,743,9843427.41166785,9993491.856102547,150064.4444346968,0.015245141570995768,TRAIL_INTRA,False,6,2.0,1.5,0.5,False,False
000270,기아,2020-10-27,2020-12-21,52900.0,170,9003343.29895,10605406.287889801,1602062.9889398012,0.17794089770259447,TRAIL_INTRA,True,55,2.0,1.5,0.5,False,True
005380,현대차,2020-12-03,2020-12-22,196500.0,49,9639574.219275,9087131.4723,-552442.7469749991,-0.057309870167330766,MA20_EXIT,False,19,2.0,1.5,0.5,False,False
046890,서울반도체,2020-12-15,2020-12-22,20300.0,484,9836500.453780001,9145726.2212976,-690774.2324824017,-0.07022560876484775,TRAIL_INTRA,False,7,2.0,1.5,0.5,False,False
015760,한국전력,2020-12-18,2020-12-22,28300.0,349,9888059.686505001,9395916.4671111,-492143.2193939015,-0.04977146528206817,TRAIL_INTRA,False,4,2.0,1.5,0.5,False,False
009150,삼성전기,2020-11-13,2020-12-23,150500.0,61,9191058.952074999,9736092.645516,545033.6934410017,0.05930042406244749,TRAIL_INTRA,False,40,2.0,1.5,0.5,False,False
010060,OCI홀딩스,2020-12-17,2020-12-23,60712.0,204,12399492.8929872,13204596.289456438,805103.3964692391,0.06493034863744974,TRAIL_INTRA,False,6,2.5,1.5,1.0,False,False
185750,종근당,2020-12-21,2020-12-23,206865.0,48,9940940.437428001,9265017.664331712,-675922.7730962895,-0.06799384598980351,TRAIL_INTRA,False,2,2.0,1.5,0.5,False,False
000100,유한양행,2020-12-21,2020-12-23,65817.0,151,9949797.61280505,9255407.240113974,-694390.3726910762,-0.06978939670063435,TRAIL_INTRA,False,2,2.0,1.5,0.5,False,False
000990,DB하이텍,2020-12-22,2020-12-28,39000.0,247,9644079.394949999,11036906.442603,1392827.0476530008,0.14442301754404233,TRAIL_GAP,True,6,2.0,1.5,0.5,False,True
032830,삼성생명,2020-12-22,2020-12-30,80000.0,120,9611041.44,9268275.870575998,-342765.5694240015,-0.03566372817803619,TRAIL_INTRA,False,8,2.0,1.5,0.5,False,False
068760,셀트리온제약,2020-12-28,2020-12-30,208193.0,58,12089082.284379099,11471511.25756019,-617571.0268189088,-0.05108502136815653,TRAIL_INTRA,False,2,2.5,1.5,1.0,False,False
011210,현대위아,2020-12-30,2021-01-06,53500.0,183,9801760.543574998,12375560.355296398,2573799.8117213994,0.26258546107908254,TRAIL_INTRA,True,7,2.0,1.5,0.5,False,True
066570,LG전자,2020-12-28,2021-01-07,124500.0,98,12215032.98015,13529077.673706,1314044.6935560014,0.10757602502517886,TRAIL_INTRA,False,10,2.5,1.5,1.0,False,False
204320,HL만도,2020-12-23,2021-01-11,59000.0,163,9628060.992549999,12678791.770746,3050730.7781960014,0.3168582729748592,TRAIL_INTRA,True,19,2.0,1.5,0.5,False,True
018880,한온시스템,2020-12-23,2021-01-11,15012.0,643,9663818.0713074,11317187.676385423,1653369.605078023,0.17108865180181745,TRAIL_GAP,True,19,2.0,1.5,0.5,False,True
066570,LG전자,2021-01-07,2021-01-11,150000.0,69,10361904.052499998,9557221.525686,-804682.5268139988,-0.07765778593750387,TRAIL_INTRA,False,4,2.0,1.5,0.5,False,False
247540,에코프로비엠,2020-12-17,2021-01-12,40521.0,306,12413687.199813899,14548141.97830901,2134454.7784951106,0.17194365736290743,TRAIL_INTRA,True,26,2.5,1.5,1.0,False,True
028260,삼성물산,2020-12-22,2021-01-12,132500.0,72,9550972.431,10567155.38688,1016182.9558799993,0.10639575846557056,TRAIL_INTRA,False,21,2.0,1.5,0.5,False,False
011070,LG이노텍,2020-12-23,2021-01-12,185000.0,52,9631064.443,9587492.022888,-43572.42011200078,-0.0045241541441112315,TRAIL_INTRA,False,20,2.0,1.5,0.5,False,False
005380,현대차,2021-01-04,2021-01-12,207500.0,49,10179194.150124999,12786892.143165002,2607697.993040003,0.2561792175864905,TRAIL_GAP,True,8,2.0,1.5,0.5,False,True
096770,SK이노베이션,2021-01-06,2021-01-12,252875.0,50,12658292.2090625,14127079.5217575,1468787.3126950003,0.11603360772817725,TRAIL_GAP,False,6,2.5,1.5,1.0,False,False
010060,OCI홀딩스,2021-01-11,2021-01-15,85028.0,162,13790378.7825804,13225604.014514627,-564774.768065773,-0.040954260718290045,TRAIL_INTRA,False,4,2.5,1.5,1.0,False,False
003490,대한항공,2021-01-14,2021-01-18,25394.0,430,10931978.970912999,10504799.757927,-427179.212985998,-0.039076110018378636,TRAIL_GAP,False,4,2.0,1.5,0.5,False,False
011170,롯데케미칼,2021-01-12,2021-01-18,298135.0,36,10745204.398928998,10068697.211412601,-676507.1875163969,-0.06295898732124873,TRAIL_GAP,False,6,2.0,1.5,0.5,False,False
009150,삼성전기,2021-01-13,2021-01-18,203500.0,53,10797904.942824999,10357375.6566,-440529.28622499853,-0.040797662931615436,TRAIL_GAP,False,5,2.0,1.5,0.5,False,False
000270,기아,2021-01-19,2021-01-21,83400.0,129,10770974.00379,11151328.124385001,380354.1205950007,0.035312880753510766,TRAIL_GAP,False,2,2.0,1.5,0.5,False,False
272210,한화시스템,2021-01-13,2021-01-22,16988.0,639,10867817.2600998,10612189.631126434,-255627.6289733667,-0.023521524410599008,TRAIL_INTRA,False,9,2.0,1.5,0.5,False,False
012450,한화에어로스페이스,2021-01-18,2021-01-22,39421.0,271,10695378.157113649,11001874.583636891,306496.42652324215,0.028656904133809145,TRAIL_INTRA,False,4,2.0,1.5,0.5,False,False
098460,고영,2021-01-20,2021-01-22,29100.0,378,11012451.41997,10339631.322456243,-672820.0975137576,-0.061096305613994754,TRAIL_INTRA,False,2,2.0,1.5,0.5,False,False
000990,DB하이텍,2021-01-12,2021-01-25,61900.0,175,10844958.999875,11927034.541484999,1082075.5416099988,0.09977682180471784,TRAIL_INTRA,False,13,2.0,1.5,0.5,False,False
066570,LG전자,2021-01-21,2021-01-25,185000.0,59,10927553.887249999,10441626.546375,-485927.3408749979,-0.0444680800377444,TRAIL_GAP,False,4,2.0,1.5,0.5,False,False
336260,두산퓨얼셀,2021-01-22,2021-01-27,62500.0,172,10762364.112499999,10239500.186863199,-522863.9256368,-0.048582627401494174,TRAIL_INTRA,False,5,2.0,1.5,0.5,False,False
069080,웹젠,2021-01-22,2021-01-27,41350.0,261,10804762.8213525,10103191.2206748,-701571.6006777007,-0.0649316983887186,TRAIL_INTRA,False,5,2.0,1.5,0.5,False,False
006280,녹십자,2021-01-26,2021-01-28,505000.0,21,10617197.34075,9945593.20125,-671604.1394999996,-0.0632562547295139,TRAIL_GAP,False,2,2.0,1.5,0.5,False,False
022100,포스코DX,2021-01-25,2021-01-28,9170.0,1190,10924850.781844998,9800422.43733,-1124428.3445149977,-0.10292390870762111,TRAIL_GAP,False,3,2.0,1.5,0.5,False,False
086520,에코프로,2021-01-11,2021-01-28,8062.0,1710,13801875.990903,13281629.320755,-520246.6701480001,-0.03769390990695045,TRAIL_GAP,False,17,2.5,1.5,1.0,False,False
240810,원익IPS,2021-01-20,2021-01-28,49550.0,222,11012751.765015,11177949.41145,165197.646435,0.015000578416721897,TRAIL_GAP,False,8,2.0,1.5,0.5,False,False
035720,카카오,2021-01-11,2021-01-29,90924.0,151,13745315.0120286,13316810.857159842,-428504.15486875735,-0.031174560531626306,TRAIL_INTRA,False,18,2.5,1.5,1.0,False,False
128940,한미약품,2021-01-27,2021-01-29,382799.0,27,10347460.45928595,9796694.180914404,-550766.2783715464,-0.053227193332957494,TRAIL_INTRA,False,2,2.0,1.5,0.5,False,False
263750,펄어비스,2021-01-27,2021-01-29,63160.0,168,10623084.103632,10844256.064824,221171.96119200066,0.020819938827028834,TRAIL_GAP,False,2,2.0,1.5,0.5,False,False
011780,금호석유화학,2021-01-28,2021-01-29,277000.0,38,10538106.478899999,9655371.319644,-882735.1592559982,-0.08376601252069917,TRAIL_INTRA,False,1,2.0,1.5,0.5,False,False
298050,HS효성첨단소재,2021-02-01,2021-02-04,276000.0,37,10223745.331799999,10550803.7349,327058.4031000007,0.03199007726480787,TRAIL_GAP,False,3,2.0,1.5,0.5,False,False
047050,포스코인터내셔널,2021-02-04,2021-02-08,22600.0,461,10430582.952790001,10020172.687110001,-410410.2656800002,-0.03934681959172977,TRAIL_GAP,False,4,2.0,1.5,0.5,False,False
066970,엘앤에프,2021-02-03,2021-02-08,82232.0,127,10455475.5501196,9747648.637144811,-707826.9129747879,-0.06769916007949453,TRAIL_INTRA,False,5,2.0,1.5,0.5,False,False
011790,SKC,2021-02-02,2021-02-08,126891.0,82,10417029.3820593,9721197.72631703,-695831.6557422709,-0.06679751301658657,TRAIL_INTRA,False,6,2.0,1.5,0.5,False,False
000270,기아,2021-02-03,2021-02-08,97700.0,107,10465923.553085,10011278.983716002,-454644.5693689976,-0.04344046343000316,TRAIL_INTRA,False,5,2.0,1.5,0.5,False,False
000240,한국앤컴퍼니,2021-02-03,2021-02-09,20600.0,507,10456212.39663,10370947.527743401,-85264.86888659932,-0.008154469864640457,TRAIL_INTRA,False,6,2.0,1.5,0.5,False,False
047810,한국항공우주,2021-02-04,2021-02-10,39200.0,266,10439192.844080001,9945593.20125,-493599.6428300012,-0.04728331492696951,TRAIL_GAP,False,6,2.0,1.5,0.5,False,False
026960,동서,2021-02-10,2021-02-15,42500.0,240,10211731.53,9356335.4988,-855396.0311999992,-0.08376601252069923,TRAIL_INTRA,False,5,2.0,1.5,0.5,False,False
036540,SFA반도체,2021-02-15,2021-02-17,8910.0,1144,10204763.524956001,10413928.443204,209164.91824799962,0.020496792281024606,TRAIL_GAP,False,2,2.0,1.5,0.5,False,False
272210,한화시스템,2021-02-15,2021-02-17,18374.0,555,10209298.7351355,9831637.342139041,-377661.39299645834,-0.036991903439628944,TRAIL_INTRA,False,2,2.0,1.5,0.5,False,False
120110,코오롱인더,2021-02-03,2021-02-18,53300.0,196,10458815.38702,10607516.049816001,148700.66279600188,0.0142177347331848,TRAIL_INTRA,False,15,2.0,1.5,0.5,False,False
006650,대한유화,2021-02-10,2021-02-18,373500.0,27,10096098.687675,10042925.412609002,-53173.275065997615,-0.00526671506597988,TRAIL_INTRA,False,8,2.0,1.5,0.5,False,False
272210,한화시스템,2021-02-18,2021-02-22,19671.0,514,10122523.0447341,9632457.47054988,-490065.5741842203,-0.04841338192251983,TRAIL_INTRA,False,4,2.0,1.5,0.5,False,False
178920,PI첨단소재,2021-02-16,2021-02-23,48700.0,211,10287518.596355,9414413.7748875,-873104.8214675002,-0.08487030310466243,TRAIL_GAP,False,7,2.0,1.5,0.5,False,False
035720,카카오,2021-02-10,2021-02-23,98250.0,103,10131389.230462499,9842237.519886505,-289151.7105759941,-0.02854018377919869,TRAIL_INTRA,False,13,2.0,1.5,0.5,False,False
161390,한국타이어앤테크놀로지,2021-02-08,2021-02-24,49950.0,206,10301534.698455,10203909.420456,-97625.27799900062,-0.00947677029264797,TRAIL_INTRA,False,16,2.0,1.5,0.5,False,False
028670,팬오션,2021-02-22,2021-02-25,5720.0,1770,10136044.57866,9692888.390418602,-443156.18824139796,-0.04372082076024017,TRAIL_INTRA,False,3,2.0,1.5,0.5,False,False
035420,NAVER,2021-01-22,2021-02-26,343500.0,31,10660747.372274999,11498003.0874,837255.715125002,0.07853630574742078,TRAIL_GAP,False,35,2.0,1.5,0.5,False,False
011170,롯데케미칼,2021-02-23,2021-03-08,310517.0,32,9947972.516081601,9450177.709277375,-497794.8068042267,-0.05003982530103558,TRAIL_INTRA,False,13,2.0,1.5,0.5,False,False
028670,팬오션,2021-03-03,2021-03-08,5970.0,1694,10124811.673977,11012319.141516,887507.4675389994,0.08765668894564127,TRAIL_GAP,False,5,2.0,1.5,0.5,False,False
022100,포스코DX,2021-03-04,2021-03-08,8000.0,1259,10083584.3108,10047328.3940202,-36255.91677979939,-0.0035955386162604473,TRAIL_INTRA,False,4,2.0,1.5,0.5,False,False
011200,HMM,2021-02-22,2021-03-09,17300.0,585,10132140.093075002,12280230.224252999,2148090.131177997,0.21200754346519046,TRAIL_INTRA,True,15,2.0,1.5,0.5,False,True
005490,POSCO홀딩스,2021-03-04,2021-03-09,309000.0,32,9899372.6832,9745265.523456,-154107.15974400006,-0.015567366203469823,TRAIL_INTRA,False,5,2.0,1.5,0.5,False,False
001120,LX인터내셔널,2021-03-12,2021-03-23,29550.0,343,10147307.517847499,9643400.7139323,-503906.8039151989,-0.049659163578999355,TRAIL_INTRA,False,11,2.0,1.5,0.5,False,False
139130,iM금융지주,2021-03-19,2021-03-24,8960.0,1131,10145415.344064001,9295574.35532544,-849840.988738561,-0.08376601252069941,TRAIL_INTRA,False,5,2.0,1.5,0.5,False,False
011200,HMM,2021-03-23,2021-03-29,28450.0,353,10054400.7839275,11754235.468030501,1699834.684103001,0.1690637483658179,TRAIL_GAP,True,6,2.0,1.5,0.5,False,True
298020,효성티앤씨,2021-03-25,2021-03-29,591000.0,17,10058555.557049999,9777370.596246,-281184.96080399863,-0.027954805161553964,TRAIL_INTRA,False,4,2.0,1.5,0.5,False,False
241560,두산밥캣,2021-03-26,2021-03-30,39550.0,259,10255231.5040175,10298986.3003041,43754.79628659971,0.004266582989321958,TRAIL_INTRA,False,4,2.0,1.5,0.5,False,False
009540,HD한국조선해양,2021-03-26,2021-04-01,132000.0,77,10175690.1246,9888362.41932,-287327.70528000034,-0.028236679946196278,TRAIL_INTRA,False,6,2.0,1.5,0.5,False,False
272210,한화시스템,2021-03-31,2021-04-08,19760.0,516,10207887.113424,9500489.110202687,-707398.0032213125,-0.06929916008681568,TRAIL_INTRA,False,8,2.0,1.5,0.5,False,False
240810,원익IPS,2021-04-02,2021-04-08,56600.0,178,10086387.53122,9682339.5807876,-404047.95043240115,-0.04005873749960205,TRAIL_INTRA,False,6,2.0,1.5,0.5,False,False
001230,동국홀딩스,2021-04-05,2021-04-09,2811.0,3611,10162195.62172815,11324843.360314146,1162647.7385859955,0.11440910821477371,TRAIL_INTRA,False,4,2.0,1.5,0.5,False,False
069080,웹젠,2021-04-09,2021-04-12,48400.0,215,10417968.4609,9545296.784364,-872671.6765359994,-0.08376601252069926,TRAIL_INTRA,False,3,2.0,1.5,0.5,False,False
042700,한미반도체,2021-04-05,2021-04-14,14800.0,685,10149660.220700001,10556147.933352001,406487.71265199967,0.040049391192719656,TRAIL_INTRA,False,9,2.0,1.5,0.5,False,False
035720,카카오,2021-04-06,2021-04-16,109189.0,93,10166256.286736548,10709833.520925,543577.2341884524,0.05346877147860544,TRAIL_GAP,False,10,2.0,1.5,0.5,False,False
066970,엘앤에프,2021-04-12,2021-04-26,92138.0,112,10331324.922318399,10439341.3033056,108016.38098720089,0.010455230263241154,TRAIL_GAP,False,14,2.0,1.5,0.5,False,False
298020,효성티앤씨,2021-04-16,2021-04-27,700000.0,14,9811271.469999999,9849836.331972,38564.86197200045,0.003930669138033794,TRAIL_INTRA,False,11,2.0,1.5,0.5,False,False
108320,LX세미콘,2021-04-05,2021-04-28,85500.0,118,10100603.863349998,11376019.7636292,1275415.9002792016,0.12627125244531598,TRAIL_INTRA,False,23,2.0,1.5,0.5,False,False
028670,팬오션,2021-04-26,2021-04-29,7430.0,1454,10815645.323483,10389806.96478804,-425838.35869495943,-0.03937244112197137,TRAIL_INTRA,False,3,2.0,1.5,0.5,False,False
034220,LG디스플레이,2021-04-06,2021-04-29,23893.0,427,10214045.18799665,9991804.96384938,-222240.2241472695,-0.021758296547233016,TRAIL_INTRA,False,23,2.0,1.5,0.5,False,False
002380,KCC,2021-03-26,2021-04-30,229500.0,44,10109614.214699998,13356846.919863,3247232.705163002,0.3212024352463744,TRAIL_INTRA,True,35,2.0,1.5,0.5,False,True
006360,GS건설,2021-04-08,2021-04-30,45400.0,229,10408557.649489999,10261377.5007501,-147180.14873989858,-0.014140302018417523,TRAIL_INTRA,False,22,2.0,1.5,0.5,False,False
047040,대우건설,2021-04-08,2021-04-30,7000.0,1486,10413963.860299999,10904717.295072,490753.4347720016,0.04712455711920094,TRAIL_INTRA,False,22,2.0,1.5,0.5,False,False
001230,동국홀딩스,2021-04-27,2021-04-30,4805.0,2246,10804442.453304501,10898608.158363963,94165.7050594613,0.00871546176181086,TRAIL_INTRA,False,3,2.0,1.5,0.5,False,False
011200,HMM,2021-04-28,2021-05-03,39300.0,272,10701894.64344,10129792.566700801,-572102.0767391995,-0.0534580180239285,TRAIL_INTRA,False,5,2.0,1.5,0.5,False,False
010780,아이에스동서,2021-04-14,2021-05-04,61400.0,167,10265593.40807,10631182.074901199,365588.6668311991,0.03561300864924205,TRAIL_INTRA,False,20,2.0,1.5,0.5,False,False
042660,한화오션,2021-04-29,2021-05-04,30828.0,348,10740482.974821601,11315254.951003466,574771.9761818647,0.053514537244672804,TRAIL_INTRA,False,5,2.0,1.5,0.5,False,False
011780,금호석유화학,2021-05-06,2021-05-10,296000.0,36,10668255.998399999,9857174.634324,-811081.3640759997,-0.07602754978861061,TRAIL_INTRA,False,4,2.0,1.5,0.5,False,False
206650,유바이오로직스,2021-05-06,2021-05-11,37650.0,284,10704898.093889998,12974100.6114009,2269202.517510902,0.21197796537699765,TRAIL_INTRA,True,5,2.0,1.5,0.5,False,True
004800,효성,2021-05-03,2021-05-12,82811.0,127,10529093.124099549,10095737.340060756,-433355.7840387933,-0.04115794009333107,TRAIL_INTRA,False,9,2.0,1.5,0.5,False,False
016380,KG스틸,2021-05-11,2021-05-13,23450.0,586,13757505.016254999,13518895.7791926,-238609.23706239834,-0.017343932404929,TRAIL_INTRA,False,2,2.5,1.5,1.0,False,False
206650,유바이오로직스,2021-05-12,2021-05-14,55500.0,196,10890511.331699999,11056987.068876,166475.73717600107,0.01528631045003599,TRAIL_INTRA,False,2,2.0,1.5,0.5,False,False
005300,롯데칠성,2021-04-29,2021-05-17,144000.0,74,10668255.998399999,11912816.580678001,1244560.582278002,0.11666017224039792,TRAIL_INTRA,False,18,2.0,1.5,0.5,False,False
088350,한화생명,2021-05-13,2021-05-17,4215.0,2581,10891427.384087248,9979095.94146351,-912331.4426237382,-0.08376601252069917,TRAIL_INTRA,False,4,2.0,1.5,0.5,False,False
001120,LX인터내셔널,2021-05-04,2021-05-20,33250.0,315,10485796.3835625,10633200.108048,147403.72448549978,0.014057465841752314,TRAIL_INTRA,False,16,2.0,1.5,0.5,False,False
207940,삼성바이오로직스,2021-05-14,2021-05-20,1378884.0,7,9663289.4640282,8853834.237793272,-809455.2262349278,-0.08376601252069929,TRAIL_INTRA,False,6,2.0,1.5,0.5,False,False
138930,BNK금융지주,2021-04-30,2021-05-21,7670.0,1384,10627489.164292,10625935.18871952,-1553.9755724798888,-0.00014622226835113542,TRAIL_INTRA,False,21,2.0,1.5,0.5,False,False
139130,iM금융지주,2021-04-30,2021-05-24,8860.0,1198,10626488.014142001,10747347.40113336,120859.3869913593,0.011373408301079016,TRAIL_INTRA,False,24,2.0,1.5,0.5,False,False
032830,삼성생명,2021-05-03,2021-05-24,85000.0,124,10552122.580999998,10348202.778660001,-203919.80233999714,-0.019325003171131866,MA20_EXIT,False,21,2.0,1.5,0.5,False,False
081660,미스토홀딩스,2021-05-10,2021-05-24,56000.0,193,10820430.821199998,10215008.6027634,-605422.2184365988,-0.05595176647222044,TRAIL_INTRA,False,14,2.0,1.5,0.5,False,False
051600,한전KPS,2021-05-26,2021-06-01,44700.0,235,10516581.750675,10217668.737365998,-298913.0133090019,-0.028423019988392747,TRAIL_INTRA,False,6,2.0,1.5,0.5,False,False
052690,한전기술,2021-05-26,2021-06-01,54800.0,192,10533701.418240001,10708050.792038398,174349.37379839644,0.016551577349296766,TRAIL_INTRA,False,6,2.0,1.5,0.5,False,False
034020,두산에너빌리티,2021-05-28,2021-06-03,17229.0,614,10590772.983690899,13189361.97377369,2598588.990082791,0.2453634870735544,TRAIL_INTRA,True,6,2.0,1.5,0.5,False,True
001440,대한전선,2021-06-03,2021-06-08,21438.0,621,13328309.9446497,19359251.928636804,6030941.983987104,0.45249112670943453,TRAIL_INTRA,True,5,2.5,1.5,1.0,False,True
241560,두산밥캣,2021-06-02,2021-06-09,54800.0,195,10698290.5029,9802137.366684001,-896153.1362159997,-0.08376601252069929,TRAIL_INTRA,False,7,2.0,1.5,0.5,False,False
145020,휴젤,2021-06-09,2021-06-11,243000.0,57,13866930.72765,13039979.8219452,-826950.9057048,-0.059634747006841196,TRAIL_INTRA,False,2,2.5,1.5,1.0,False,False
032350,롯데관광개발,2021-05-31,2021-06-14,22100.0,484,10708702.46446,10499826.462800398,-208876.00165960193,-0.019505257742739493,TRAIL_INTRA,False,14,2.0,1.5,0.5,False,False
047040,대우건설,2021-06-02,2021-06-14,8870.0,1209,10736164.013074499,10468968.90141024,-267195.11166425794,-0.024887391002863572,TRAIL_INTRA,False,12,2.0,1.5,0.5,False,False
000720,현대건설,2021-05-27,2021-06-15,54778.0,192,10529472.560006399,10110125.916397441,-419346.6436089575,-0.03982598759996224,TRAIL_INTRA,False,19,2.0,1.5,0.5,False,False
064350,현대로템,2021-06-14,2021-06-16,26000.0,424,11036679.2536,10112180.641056,-924498.6125440001,-0.08376601252069933,TRAIL_INTRA,False,2,2.0,1.5,0.5,False,False
012450,한화에어로스페이스,2021-05-25,2021-06-17,49862.0,211,10532982.5924323,10113836.34552417,-419146.2469081301,-0.03979369027052953,TRAIL_INTRA,False,23,2.0,1.5,0.5,False,False
003490,대한항공,2021-06-02,2021-06-21,33650.0,318,10713007.410105,10238582.8990692,-474424.5110358,-0.044284904590684876,TRAIL_INTRA,False,19,2.0,1.5,0.5,False,False
030000,제일기획,2021-05-31,2021-06-22,25900.0,413,10709002.809505,10006313.665005,-702689.1445000004,-0.06561667383972614,MA20_EXIT,False,22,2.0,1.5,0.5,False,False
214150,클래시스,2021-06-15,2021-06-23,18050.0,609,11005092.9663675,11396016.637538401,390923.6711709015,0.035522068951675145,TRAIL_INTRA,False,8,2.0,1.5,0.5,False,False
035720,카카오,2021-06-14,2021-06-24,142500.0,77,10985120.020875,12007297.223460002,1022177.2025850024,0.09305107278232384,TRAIL_INTRA,False,10,2.0,1.5,0.5,False,False
085660,차바이오텍,2021-06-22,2021-06-24,24925.0,461,11503640.71231375,11164182.237770636,-339458.4745431151,-0.029508786221022296,TRAIL_INTRA,False,2,2.0,1.5,0.5,False,False
028050,삼성E&A,2021-06-08,2021-06-25,21150.0,793,16791240.2582925,20554076.391457498,3762836.133164998,0.22409518744791285,TRAIL_INTRA,True,17,3.0,1.5,1.5,False,True
028670,팬오션,2021-06-25,2021-07-06,8270.0,1722,14257319.217140999,14089760.66491056,-167558.55223043822,-0.011752458486655005,TRAIL_INTRA,False,11,2.5,1.5,1.0,False,False
120110,코오롱인더,2021-06-16,2021-07-09,67900.0,161,10944473.324785,12257716.791221999,1313243.466436999,0.11999147217646465,TRAIL_INTRA,False,23,2.0,1.5,0.5,False,False
108320,LX세미콘,2021-06-25,2021-07-09,116500.0,122,14229347.08195,13798393.3700244,-430953.7119255997,-0.030286260461821663,TRAIL_INTRA,False,14,2.5,1.5,1.0,False,False
298050,HS효성첨단소재,2021-06-25,2021-07-16,429000.0,33,14173282.673549999,18819036.499626003,4645753.826076005,0.32778248575722346,TRAIL_INTRA,True,21,2.5,1.5,1.0,False,True
278280,천보,2021-07-09,2021-07-20,217500.0,54,11758508.51175,12373478.510824801,614969.9990748018,0.05230000033254871,TRAIL_INTRA,False,11,2.0,1.5,0.5,False,False
004000,롯데정밀화학,2021-07-16,2021-07-20,76800.0,200,15377666.304,14328035.34228,-1049630.961719999,-0.06825684346180484,TRAIL_INTRA,False,4,2.5,1.5,1.0,False,False
247540,에코프로비엠,2021-06-17,2021-07-20,50281.0,220,11074542.752272999,14214281.446012033,3139738.6937390342,0.28350955556107427,TRAIL_INTRA,True,33,2.0,1.5,0.5,False,True
011790,SKC,2021-06-23,2021-07-20,144280.0,80,11555675.49136,11829270.00840048,273594.5170404799,0.023676202853311547,TRAIL_INTRA,False,27,2.0,1.5,0.5,False,False
213420,덕산네오룩스,2021-06-17,2021-07-21,51800.0,213,11046090.06501,12296342.583764998,1250252.5187549982,0.11318507375884468,MA20_EXIT,False,34,2.0,1.5,0.5,False,False
192820,코스맥스,2021-07-12,2021-07-21,138000.0,85,11743491.259499999,11356421.7105,-387069.5489999987,-0.03296034717843175,MA20_EXIT,False,9,2.0,1.5,0.5,False,False
007390,네이처셀,2021-07-21,2021-07-23,38450.0,313,12048691.8827275,11972532.0160674,-76159.86666009948,-0.006321007077065276,TRAIL_INTRA,False,2,2.0,1.5,0.5,False,False
042700,한미반도체,2021-07-22,2021-07-27,19600.0,618,12126731.53692,11663635.3514379,-463096.18548209965,-0.03818804630680551,TRAIL_INTRA,False,5,2.0,1.5,0.5,False,False
047050,포스코인터내셔널,2021-07-23,2021-07-27,27200.0,445,12117921.4156,11633502.447405,-484418.96819500066,-0.03997541753087985,TRAIL_INTRA,False,4,2.0,1.5,0.5,False,False
014680,한솔케미칼,2021-07-22,2021-07-28,282500.0,42,11878646.529749999,11018460.981528,-860185.5482219979,-0.07241444099440693,TRAIL_INTRA,False,6,2.0,1.5,0.5,False,False
067160,SOOP,2021-07-26,2021-07-28,127800.0,94,12027016.98198,12690078.39882,663061.4168400001,0.05513099531109506,TRAIL_GAP,False,2,2.0,1.5,0.5,False,False
035420,NAVER,2021-06-23,2021-08-02,423500.0,27,11447651.390175,11548852.736849999,101201.34667499922,0.008840358884605427,MA20_EXIT,False,40,2.0,1.5,0.5,False,False
344820,KCC글라스,2021-07-29,2021-08-03,71300.0,167,11920794.951064998,11473710.9136902,-447084.0373747982,-0.03750454891725622,TRAIL_INTRA,False,5,2.0,1.5,0.5,False,False
003580,HLB글로벌,2021-08-05,2021-08-10,30700.0,387,11894564.817134999,12347491.3488,452926.53166500106,0.038078444956012765,TRAIL_GAP,False,5,2.0,1.5,0.5,False,False
064350,현대로템,2021-08-06,2021-08-10,26600.0,449,11957136.70151,11326211.036415001,-630925.6650949977,-0.05276561444809121,TRAIL_INTRA,False,4,2.0,1.5,0.5,False,False
041510,에스엠,2021-08-04,2021-08-12,71900.0,165,11877144.804525,10912514.241321001,-964630.5632039979,-0.08121737834134087,TRAIL_INTRA,False,8,2.0,1.5,0.5,False,False
247540,에코프로비엠,2021-08-09,2021-08-13,77485.0,155,12023988.502776248,11673656.72058735,-350331.78218889795,-0.029136070955823767,TRAIL_INTRA,False,4,2.0,1.5,0.5,False,False
005070,코스모신소재,2021-08-09,2021-08-13,48650.0,248,12079076.78978,12291825.220554097,212748.4307740964,0.017612971129888084,TRAIL_INTRA,False,4,2.0,1.5,0.5,False,False
213420,덕산네오룩스,2021-08-06,2021-08-17,68600.0,174,11950128.65046,11507742.290847601,-442386.35961239785,-0.0370193805064491,TRAIL_INTRA,False,11,2.0,1.5,0.5,False,False
178920,PI첨단소재,2021-08-11,2021-08-17,63900.0,188,12027016.98198,11692117.137441602,-334899.8445383981,-0.027845628308347473,TRAIL_INTRA,False,6,2.0,1.5,0.5,False,False
025900,동화기업,2021-08-12,2021-08-17,34525.0,351,12132212.83399125,11231854.227485191,-900358.606506059,-0.07421223307124092,TRAIL_INTRA,False,5,2.0,1.5,0.5,False,False
014680,한솔케미칼,2021-08-10,2021-08-18,293500.0,40,11753502.761,11356022.88972,-397479.8712799996,-0.03381799276032855,TRAIL_INTRA,False,8,2.0,1.5,0.5,False,False
300720,한일시멘트,2021-07-12,2021-08-20,16700.0,705,11787041.291025,14869358.7751818,3082317.4841568004,0.26150052486061687,TRAIL_INTRA,True,39,2.0,1.5,0.5,False,True
214150,클래시스,2021-08-02,2021-08-20,23900.0,498,11915889.31533,12425213.542406399,509324.2270763982,0.04274328282163075,TRAIL_INTRA,False,18,2.0,1.5,0.5,False,False
001450,현대해상,2021-08-17,2021-08-20,27150.0,437,11878196.0121825,11176005.1601475,-702190.8520350009,-0.05911595088301463,MA20_EXIT,False,3,2.0,1.5,0.5,False,False
005830,DB손해보험,2021-08-17,2021-08-20,62700.0,189,11863929.622545,10939482.5024646,-924447.1200804003,-0.07792081961812007,TRAIL_INTRA,False,3,2.0,1.5,0.5,False,False
093370,후성,2021-08-18,2021-08-20,14307.0,829,11874144.35752545,11065039.938419525,-809104.4191059247,-0.0681400187452783,TRAIL_INTRA,False,2,2.0,1.5,0.5,False,False
011790,SKC,2021-08-20,2021-08-23,161669.0,71,11491700.995624851,10529087.026141208,-962613.9694836438,-0.08376601252069929,TRAIL_INTRA,False,3,2.0,1.5,0.5,False,False
278280,천보,2021-08-19,2021-08-24,243400.0,48,11696637.43248,11218796.6357376,-477840.79674240015,-0.04085283479981179,TRAIL_INTRA,False,5,2.0,1.5,0.5,False,False
014830,유니드,2021-08-24,2021-08-26,158351.0,72,11414385.1729908,11030723.284758192,-383661.88823260926,-0.0336121378784769,TRAIL_INTRA,False,2,2.0,1.5,0.5,False,False
263750,펄어비스,2021-08-26,2021-08-30,87900.0,131,11528143.862235,11755242.4905,227098.62826499902,0.019699496378506386,TRAIL_GAP,False,4,2.0,1.5,0.5,False,False
069260,TKG휴켐스,2021-08-25,2021-08-31,27450.0,420,11542260.079349998,10902882.719484001,-639377.359865997,-0.055394468281813616,TRAIL_INTRA,False,6,2.0,1.5,0.5,False,False
028300,HLB,2021-08-30,2021-08-31,52742.0,218,11510980.144063398,10546751.237190263,-964228.9068731349,-0.08376601252069923,TRAIL_INTRA,False,1,2.0,1.5,0.5,False,False
263750,펄어비스,2021-08-30,2021-08-31,102000.0,112,11437139.3136,10479095.758656,-958043.5549439993,-0.08376601252069925,TRAIL_INTRA,False,1,2.0,1.5,0.5,False,False
213420,덕산네오룩스,2021-08-31,2021-09-02,72000.0,157,11317001.295599999,10973880.794739598,-343120.5008604005,-0.03031902991774016,TRAIL_INTRA,False,2,2.0,1.5,0.5,False,False
300720,한일시멘트,2021-08-30,2021-09-03,23550.0,488,11505617.98386,10832801.9320224,-672816.0518375989,-0.058477176348234454,TRAIL_INTRA,False,4,2.0,1.5,0.5,False,False
112040,위메이드,2021-09-01,2021-09-06,54406.0,207,11274995.0376063,13254496.027572636,1979500.9899663348,0.17556557527200348,TRAIL_INTRA,True,5,2.0,1.5,0.5,False,True
256840,한국비엔씨,2021-09-02,2021-09-06,40184.0,280,11264460.935727999,10528922.83162608,-735538.1041019186,-0.06529723067075312,TRAIL_INTRA,False,4,2.0,1.5,0.5,False,False
014820,동원시스템즈,2021-09-07,2021-09-09,67500.0,168,11353042.701,10694841.8478048,-658200.8531951997,-0.05797572250276343,TRAIL_INTRA,False,2,2.0,1.5,0.5,False,False
000810,삼성화재,2021-08-17,2021-09-10,229500.0,51,11717961.930675,11466595.950974999,-251365.97970000096,-0.021451339506572478,MA20_EXIT,False,24,2.0,1.5,0.5,False,False
093370,후성,2021-09-06,2021-09-14,17530.0,647,11354954.897786502,11678601.819084803,323646.92129830085,0.028502704256570102,TRAIL_INTRA,False,8,2.0,1.5,0.5,False,False
018670,SK가스,2021-09-07,2021-09-14,135000.0,84,11353042.701,13467180.688649999,2114137.9876499996,0.18621774297244403,TRAIL_GAP,True,7,2.0,1.5,0.5,False,True
278280,천보,2021-09-07,2021-09-17,262600.0,43,11304787.26377,11596352.291748,291565.02797800116,0.02579128834316233,TRAIL_INTRA,False,10,2.0,1.5,0.5,False,False
066970,엘앤에프,2021-09-13,2021-09-17,149900.0,78,11705647.78383,11590848.564984,-114799.21884600073,-0.00980716496566577,TRAIL_INTRA,False,4,2.0,1.5,0.5,False,False
089980,상아프론테크,2021-09-14,2021-09-17,76600.0,196,15030867.89204,13951580.431622397,-1079287.4604176022,-0.07180473331078692,TRAIL_INTRA,False,3,2.5,1.5,1.0,False,False
058470,리노공업,2021-09-14,2021-09-17,42569.0,353,15044140.139578551,14049470.633134698,-994669.5064438526,-0.06611674028660819,TRAIL_INTRA,False,3,2.5,1.5,1.0,False,False
002380,KCC,2021-09-06,2021-09-23,442500.0,25,11075223.534374999,10938656.94345,-136566.59092499875,-0.01233082027655034,TRAIL_INTRA,False,17,2.0,1.5,0.5,False,False
120110,코오롱인더,2021-09-07,2021-09-27,90000.0,126,11353042.701,13464648.176696999,2111605.4756969996,0.1859946739662139,TRAIL_INTRA,True,20,2.0,1.5,0.5,False,True
298050,HS효성첨단소재,2021-09-08,2021-09-27,661000.0,17,11249924.23555,13739655.045545999,2489730.8099959996,0.22131089577727087,TRAIL_INTRA,True,19,2.0,1.5,0.5,False,True
344820,KCC글라스,2021-09-17,2021-09-27,81200.0,147,11950128.650460001,11043502.9383042,-906625.7121558003,-0.07586744366311916,TRAIL_INTRA,False,10,2.0,1.5,0.5,False,False
093370,후성,2021-09-27,2021-09-28,21827.0,682,14903135.1490021,13654758.943513116,-1248376.2054889835,-0.08376601252069929,TRAIL_INTRA,False,1,2.5,1.5,1.0,False,False
066970,엘앤에프,2021-09-24,2021-09-28,190400.0,63,12008996.27928,11344006.419618601,-664989.8596613985,-0.05537430807675028,TRAIL_INTRA,False,4,2.0,1.5,0.5,False,False
247540,에코프로비엠,2021-09-09,2021-09-29,88357.0,129,11411162.47065795,14205620.574189398,2794458.103531448,0.24488811816648545,TRAIL_INTRA,True,20,2.0,1.5,0.5,False,True
336370,솔루스첨단소재,2021-09-27,2021-09-29,34743.0,428,14887106.735100599,13674826.727757,-1212280.0073435996,-0.08143153864043332,TRAIL_GAP,False,2,2.5,1.5,1.0,False,False
004000,롯데정밀화학,2021-09-29,2021-09-30,98500.0,89,8776582.789974999,8041403.4461010005,-735179.3438739982,-0.08376601252069912,TRAIL_INTRA,False,1,1.5,1.0,0.5,False,False
010060,OCI홀딩스,2021-09-28,2021-10-05,124364.0,70,8715492.607822,8623229.92095726,-92262.68686473928,-0.010586055317393669,TRAIL_INTRA,False,7,1.5,1.0,0.5,False,False
025900,동화기업,2021-09-30,2021-10-05,36648.0,316,11594087.620315198,10901455.419676535,-692632.200638663,-0.05974012128604502,TRAIL_INTRA,False,5,2.0,1.5,0.5,False,False
020150,롯데에너지머티리얼즈,2021-09-27,2021-10-06,98900.0,150,14852062.475250002,15204045.18555,351982.7102999985,0.023699247891432913,TRAIL_INTRA,False,9,2.5,1.5,1.0,False,False
036460,한국가스공사,2021-09-28,2021-10-07,47750.0,183,8748300.298237499,8411429.365785,-336870.932452498,-0.03850701518789503,TRAIL_GAP,False,9,1.5,1.0,0.5,False,False
010950,S-Oil,2021-09-28,2021-10-07,115000.0,76,8750052.310999999,8191380.0004199995,-558672.3105799994,-0.06384788235810576,TRAIL_INTRA,False,9,1.5,1.0,0.5,False,False
001120,LX인터내셔널,2021-10-05,2021-10-07,36900.0,236,8718415.96626,8047405.698840001,-671010.2674199985,-0.0769646997822526,TRAIL_GAP,False,2,1.5,1.0,0.5,False,False
122870,와이지엔터테인먼트,2021-10-05,2021-10-08,64800.0,134,8693186.98248,8481242.943324,-211944.03915600106,-0.024380476295189208,TRAIL_INTRA,False,3,1.5,1.0,0.5,False,False
041510,에스엠,2021-10-05,2021-10-08,79000.0,110,8699994.803499999,8344567.062018,-355427.74148199894,-0.04085378779065601,TRAIL_INTRA,False,3,1.5,1.0,0.5,False,False
010130,고려아연,2021-10-12,2021-10-20,552000.0,15,8289523.241999999,8585813.751840001,296290.5098400023,0.03574276845486192,TRAIL_INTRA,False,8,1.5,1.0,0.5,False,False
112040,위메이드,2021-10-14,2021-10-20,117200.0,72,8448105.42576,9985291.8216912,1537186.395931201,0.1819563462411354,TRAIL_INTRA,True,6,1.5,1.0,0.5,False,True
263750,펄어비스,2021-10-21,2021-10-27,107500.0,134,14421567.91075,14479571.2858488,58003.37509880029,0.004021988140108117,TRAIL_INTRA,False,6,2.5,1.5,1.0,False,False
001450,현대해상,2021-10-06,2021-10-28,27450.0,311,8546768.7730425,8287282.4392827,-259486.3337597996,-0.030360752776914895,TRAIL_INTRA,False,22,1.5,1.0,0.5,False,False
052690,한전기술,2021-10-25,2021-10-28,72900.0,158,11531447.65773,11029284.9774972,-502162.68023280054,-0.04354723666426916,TRAIL_INTRA,False,3,2.0,1.0,1.0,False,False
138930,BNK금융지주,2021-09-28,2021-11-01,8590.0,1021,8780477.264058499,8978672.161179,198194.89712050185,0.02257222371405498,MA20_EXIT,False,34,1.5,1.0,0.5,False,False
035900,JYP Ent.,2021-10-20,2021-11-05,48950.0,294,14407852.153695,14778607.1066928,370754.95299779996,0.025732839915539884,TRAIL_INTRA,False,16,2.5,1.5,1.0,False,False
067160,SOOP,2021-10-29,2021-11-10,193000.0,44,8501767.0738,10185376.2188094,1683609.1450094003,0.19803049535405404,TRAIL_INTRA,True,12,1.5,1.0,0.5,False,True
052690,한전기술,2021-11-04,2021-11-10,87600.0,100,8770075.314000001,9356335.4988,586260.184799999,0.0668477936402815,TRAIL_INTRA,False,6,1.5,1.0,0.5,False,False
000150,두산,2021-11-04,2021-11-11,125500.0,70,8795104.06775,9246260.963519998,451156.89576999843,0.051296368103739255,TRAIL_INTRA,False,7,1.5,1.0,0.5,False,False
181710,NHN,2021-11-09,2021-11-12,45852.0,198,9089137.862204399,9095134.130307324,5996.268102925271,0.000659718027587601,TRAIL_INTRA,False,3,1.5,1.0,0.5,False,False
299900,위지윅스튜디오,2021-11-09,2021-11-12,9688.0,1249,12114229.173846798,12244015.263443025,129786.08959622681,0.010713524379778102,TRAIL_INTRA,False,3,2.0,1.5,0.5,False,False
086520,에코프로,2021-11-03,2021-11-15,21753.0,534,11629462.2597153,14631406.025945975,3001943.7662306745,0.2581326375364294,TRAIL_INTRA,True,12,2.0,1.5,0.5,False,True
093370,후성,2021-11-12,2021-11-17,24318.0,249,6062146.3675772995,5944459.699534356,-117686.66804294381,-0.019413366307415074,TRAIL_INTRA,False,5,1.0,0.5,0.5,False,False
025900,동화기업,2021-11-12,2021-11-18,44098.0,275,12140897.8115425,11952305.820209702,-188591.99133279733,-0.015533611620839162,TRAIL_INTRA,False,6,2.0,1.5,0.5,False,False
293490,카카오게임즈,2021-11-16,2021-11-18,108700.0,140,15235502.9827,14896753.774559999,-338749.2081400007,-0.022234199194122593,TRAIL_INTRA,False,2,2.5,1.5,1.0,False,False
079550,LIG디펜스앤에어로스페이스,2021-11-17,2021-11-19,57800.0,105,6075980.26035,6686461.6927524,610481.4324024003,0.10047455821840247,TRAIL_GAP,True,2,1.0,0.5,0.5,False,True
247540,에코프로비엠,2021-11-05,2021-11-22,123319.0,96,11852240.1933936,12513008.991745729,660768.7983521298,0.05575054062104143,TRAIL_INTRA,False,17,2.0,1.5,0.5,False,False
278280,천보,2021-11-12,2021-11-22,341900.0,35,11980263.269975,11785772.221208999,-194491.0487660002,-0.016234288377738302,TRAIL_INTRA,False,10,2.0,1.5,0.5,False,False
263750,펄어비스,2021-11-16,2021-11-22,138500.0,110,15252522.535249997,14650920.645768,-601601.8894819971,-0.03944277991339722,TRAIL_INTRA,False,6,2.5,1.5,1.0,False,False
336370,솔루스첨단소재,2021-11-18,2021-11-22,53730.0,114,6132264.921783,5794791.35391414,-337473.56786886044,-0.05503245084374756,TRAIL_INTRA,False,4,1.0,0.5,0.5,False,False
011070,LG이노텍,2021-11-15,2021-11-23,257000.0,35,9005345.599249998,9583364.227815,578018.6285650022,0.0641861683368534,TRAIL_INTRA,False,8,1.5,0.5,1.0,False,False
084370,유진테크,2021-11-22,2021-11-24,54800.0,220,12069866.2084,11119362.638868,-950503.5695319995,-0.07875013302719946,TRAIL_INTRA,False,2,2.0,1.5,0.5,False,False
000990,DB하이텍,2021-11-22,2021-11-24,76600.0,78,5981671.916219999,5666637.0762144,-315034.84000559896,-0.05266668657492654,TRAIL_INTRA,False,2,1.0,0.5,0.5,False,False
166090,하나머티리얼즈,2021-11-19,2021-11-29,58800.0,259,15246715.86438,14822772.51987,-423943.3445100002,-0.027805551587698565,TRAIL_GAP,False,10,2.5,1.5,1.0,False,False
020150,롯데에너지머티리얼즈,2021-11-18,2021-11-30,129500.0,47,6093500.387975,6143535.000314999,50034.61233999953,0.008211144523554727,TRAIL_INTRA,False,12,1.0,0.5,0.5,False,False
078600,대주전자재료,2021-11-26,2021-12-01,125600.0,95,11945723.589800002,11189076.511212,-756647.0785880014,-0.06334041407370865,TRAIL_INTRA,False,5,2.0,1.5,0.5,False,False
017670,SK텔레콤,2021-11-29,2021-12-01,57900.0,102,5912592.55587,5417318.2538052,-495274.30206480063,-0.08376601252069941,TRAIL_INTRA,False,2,1.0,0.5,0.5,False,False
121800,비덴트,2021-12-01,2021-12-02,36350.0,242,8806817.524505,8069105.537479799,-737711.9870252013,-0.08376601252069946,TRAIL_INTRA,False,1,1.5,1.0,0.5,False,False
088980,맥쿼리인프라,2021-10-01,2021-12-06,12948.0,669,8672174.8431318,9232998.1784811,560823.3353493009,0.0646692837141611,MA20_EXIT,False,66,1.5,1.0,0.5,False,False
108320,LX세미콘,2021-12-06,2021-12-09,138400.0,42,5819485.5919200005,5959985.7127356,140500.12081559934,0.024143048143408955,TRAIL_INTRA,False,3,1.0,0.5,0.5,False,False
005290,동진쎄미켐,2021-12-21,2021-12-24,42500.0,207,8807618.444625,8876823.3044865,69204.85986150056,0.007857386227230815,TRAIL_INTRA,False,3,1.5,1.0,0.5,False,False
063080,컴투스홀딩스,2021-12-28,2021-12-30,218000.0,53,11567288.833099999,11570668.233516,3379.4004160016775,0.0002921514682274955,TRAIL_INTRA,False,2,2.0,1.5,0.5,False,False
005290,동진쎄미켐,2021-12-30,2022-01-03,51000.0,230,11743491.259499999,10759785.82362,-983705.4358799979,-0.08376601252069915,TRAIL_INTRA,False,4,2.0,1.5,0.5,False,False
222800,심텍,2021-12-23,2022-01-05,45950.0,255,11730726.5950875,11344556.792294998,-386169.80279250257,-0.0329195126714674,TRAIL_INTRA,False,13,2.0,1.5,0.5,False,False
108320,LX세미콘,2021-12-13,2022-01-05,151500.0,38,5763621.41355,5883850.8258336,120229.41228360031,0.02086004677561692,TRAIL_INTRA,False,23,1.0,0.5,0.5,False,False
300720,한일시멘트,2022-01-05,2022-01-07,26000.0,223,5804668.5697,5482078.7720616,-322589.7976383995,-0.05557419752133614,TRAIL_INTRA,False,2,1.0,0.5,0.5,False,False
140410,메지온,2021-12-29,2022-01-10,72333.0,162,11731423.395591902,11393506.938134016,-337916.45745788515,-0.02880438682188026,TRAIL_INTRA,False,12,2.0,1.5,0.5,False,False
011070,LG이노텍,2022-01-14,2022-01-19,384500.0,15,5774133.490125,5219566.95825,-554566.5318749994,-0.09604324749738234,TRAIL_GAP,False,5,1.0,0.5,0.5,False,False
298380,에이비엘바이오,2022-01-14,2022-01-19,30400.0,286,8704399.86416,8454900.830805,-249499.0333549995,-0.0286635537485245,TRAIL_GAP,False,5,1.5,1.0,0.5,False,False
000990,DB하이텍,2022-01-12,2022-01-21,82100.0,70,5753609.912049999,5483546.432532,-270063.4795179991,-0.0469380934137358,TRAIL_INTRA,False,9,1.0,0.5,0.5,False,False
105560,KB금융,2022-01-11,2022-01-24,60000.0,96,5766624.864,5582980.4294016,-183644.43459840026,-0.03184608656353899,TRAIL_INTRA,False,13,1.0,0.5,0.5,False,False
316140,우리금융지주,2022-01-10,2022-01-25,13950.0,414,5781942.461295,5829272.2020906005,47329.74079560023,0.008185785505897205,TRAIL_INTRA,False,15,1.0,0.5,0.5,False,False
222800,심텍,2022-02-25,2022-03-08,52800.0,108,5708958.61536,5373312.3689399995,-335646.2464200007,-0.05879290235472047,TRAIL_GAP,False,11,1.0,0.5,0.5,False,False
036930,주성엔지니어링,2022-02-25,2022-03-08,24650.0,232,5725377.477820001,6043825.8171072,318448.3392871991,0.055620496730715424,TRAIL_INTRA,False,11,1.0,0.5,0.5,False,False
047810,한국항공우주,2022-03-22,2022-03-29,43000.0,133,5725577.70785,5544867.1215609,-180710.58628910035,-0.031561983001529924,TRAIL_INTRA,False,7,1.0,0.5,0.5,False,False
353200,대덕전자,2022-03-18,2022-04-06,26350.0,217,5724526.5001925,5891922.9584208,167396.45822830033,0.02924197454980272,TRAIL_INTRA,False,19,1.0,0.5,0.5,False,False
249420,일동제약,2022-04-04,2022-04-08,73800.0,77,5689135.842389999,5535333.310815,-153802.53157499898,-0.02703442769445047,TRAIL_GAP,False,4,1.0,0.5,0.5,False,False
214370,케어젠,2022-04-08,2022-04-12,22600.0,253,5724376.3276700005,5495507.865365761,-228868.46230423916,-0.03998137949071489,TRAIL_INTRA,False,4,1.0,0.5,0.5,False,False
035900,JYP Ent.,2022-03-30,2022-04-13,60800.0,94,5721773.33728,5708098.4845032,-13674.852776799351,-0.00238996758010342,TRAIL_INTRA,False,14,1.0,0.5,0.5,False,False
005070,코스모신소재,2022-04-21,2022-04-25,57491.0,99,5698155.20409135,5645513.533601699,-52641.67048965022,-0.00923837077162321,TRAIL_GAP,False,4,1.0,0.5,0.5,False,False
010130,고려아연,2022-04-06,2022-04-26,631000.0,9,5685531.70185,5456945.086506,-228586.61534400005,-0.04020496715718266,TRAIL_INTRA,False,20,1.0,0.5,0.5,False,False
016380,KG스틸,2022-04-29,2022-05-03,24650.0,231,5700699.1266225,5223174.2922051,-477524.83441739995,-0.0837660125206993,TRAIL_INTRA,False,4,1.0,0.5,0.5,False,False
005300,롯데칠성,2022-05-02,2022-05-04,200000.0,28,5606440.84,5367968.170488,-238472.66951199993,-0.04253548308413078,TRAIL_INTRA,False,2,1.0,0.5,0.5,False,False
079550,LIG디펜스앤에어로스페이스,2022-04-27,2022-05-11,82400.0,69,5692139.29284,5563442.1993894,-128697.09345060028,-0.022609617725357696,TRAIL_INTRA,False,14,1.0,0.5,0.5,False,False
047810,한국항공우주,2022-05-02,2022-05-11,46450.0,122,5673417.785035,5589860.087856601,-83557.69717839919,-0.014727929502883192,TRAIL_INTRA,False,9,1.0,0.5,0.5,False,False
066970,엘앤에프,2022-05-19,2022-05-25,269100.0,21,5657599.612665,5374389.1850459995,-283210.4276190009,-0.05005840763015664,TRAIL_INTRA,False,6,1.0,0.5,0.5,False,False
093370,후성,2022-05-19,2022-05-27,25001.0,226,5656724.607433899,5436005.240744568,-220719.3666893309,-0.0390189344553327,TRAIL_INTRA,False,8,1.0,0.5,0.5,False,False
353200,대덕전자,2022-05-18,2022-06-03,33050.0,171,5658050.130232499,5348796.8555934,-309253.2746390989,-0.054657217154488374,TRAIL_INTRA,False,16,1.0,0.5,0.5,False,False
137400,피엔티,2022-05-25,2022-06-08,59900.0,94,5637076.03459,5414933.3055408,-222142.7290492002,-0.03940743883639264,TRAIL_INTRA,False,14,1.0,0.5,0.5,False,False
047810,한국항공우주,2022-06-07,2022-06-14,56900.0,98,5582613.46643,5393652.22872,-188961.23771000002,-0.03384816786013988,TRAIL_INTRA,False,7,1.0,0.5,0.5,False,False
012450,한화에어로스페이스,2022-06-09,2022-06-14,60304.0,93,5614722.354040801,5283280.492194744,-331441.86184605677,-0.059030855124568155,TRAIL_INTRA,False,5,1.0,0.5,0.5,False,False
247540,에코프로비엠,2022-06-27,2022-06-29,135900.0,41,5578308.520785,5126242.895730001,-452065.62505499925,-0.08103991082074158,TRAIL_GAP,False,2,1.0,0.5,0.5,False,False
214370,케어젠,2022-07-27,2022-08-01,27480.0,202,5557344.436644,5540234.818201199,-17109.618442800827,-0.0030787399697566843,TRAIL_INTRA,False,5,1.0,0.5,0.5,False,False
012450,한화에어로스페이스,2022-07-29,2022-08-03,65601.0,85,5582498.33416275,5448350.09987622,-134148.23428652994,-0.024030143182595175,TRAIL_INTRA,False,5,1.0,0.5,0.5,False,False
047810,한국항공우주,2022-08-08,2022-08-09,61200.0,91,5575605.41538,5108559.1823448,-467046.2330352003,-0.08376601252069936,TRAIL_INTRA,False,1,1.0,0.5,0.5,False,False
079550,LIG디펜스앤에어로스페이스,2022-07-29,2022-08-11,88000.0,63,5550376.4316,5570872.230520801,20495.79892080091,0.0036926862841431844,TRAIL_INTRA,False,13,1.0,0.5,0.5,False,False
005070,코스모신소재,2022-08-10,2022-08-22,62035.0,89,5527465.11041725,5096698.651168381,-430766.45924886875,-0.07793200873163932,TRAIL_INTRA,False,12,1.0,0.5,0.5,False,False
005850,에스엘,2022-08-17,2022-08-24,35600.0,155,5524346.5277,5353062.2438355,-171284.2838645,-0.031005347511357563,TRAIL_INTRA,False,7,1.0,0.5,0.5,False,False
064350,현대로템,2022-08-24,2022-08-29,31400.0,176,5532756.18896,5255660.23884,-277095.95012000017,-0.05008280514382946,TRAIL_GAP,False,5,1.0,0.5,0.5,False,False
047050,포스코인터내셔널,2022-08-19,2022-08-31,26750.0,207,5543618.668087499,5383057.554699301,-160561.11338819843,-0.028963231961189464,TRAIL_INTRA,False,12,1.0,0.5,0.5,False,False
007390,네이처셀,2022-08-30,2022-09-01,27250.0,203,5538112.3422625,5139380.0522232,-398732.2900393,-0.07199786956224959,TRAIL_INTRA,False,2,1.0,0.5,0.5,False,False
010130,고려아연,2022-08-31,2022-09-02,672000.0,8,5382183.2064,4990045.59936,-392137.6070399992,-0.0728584650507075,TRAIL_INTRA,False,2,1.0,0.5,0.5,False,False
012450,한화에어로스페이스,2022-08-08,2022-09-08,70898.0,78,5536404.380106599,6476811.339933433,940406.9598268336,0.1698587919635897,TRAIL_INTRA,True,31,1.0,0.5,0.5,False,True
079550,LIG디펜스앤에어로스페이스,2022-08-24,2022-09-08,99300.0,55,5467781.544225,5703137.154,235355.60977500025,0.04304407699381842,TRAIL_GAP,False,15,1.0,0.5,0.5,False,False
048410,현대바이오,2022-09-02,2022-09-16,18564.0,297,5519849.3612262,5339715.7064328,-180133.65479340032,-0.03263379904146238,TRAIL_INTRA,False,14,1.0,0.5,0.5,False,False
005070,코스모신소재,2022-09-08,2022-09-16,67567.0,81,5479221.686989049,5174273.679906961,-304948.00708208885,-0.05565535116168376,TRAIL_INTRA,False,8,1.0,0.5,0.5,False,False
090460,비에이치,2022-08-31,2022-09-22,31600.0,175,5536360.3295,5441809.837905001,-94550.4915949991,-0.01707809571049689,TRAIL_INTRA,False,22,1.0,0.5,0.5,False,False
000670,영풍,2022-09-23,2022-09-28,70484.0,78,5504075.2394628,5043020.804039088,-461054.43542371225,-0.08376601252069936,TRAIL_INTRA,False,5,1.0,0.5,0.5,False,False
001570,금양,2022-11-02,2022-11-04,31850.0,171,5452614.119452499,5152726.5896259,-299887.5298265992,-0.05499885435808377,TRAIL_INTRA,False,2,1.0,0.5,0.5,False,False
001570,금양,2022-11-09,2022-11-10,40100.0,136,5459872.45804,4915466.1135,-544406.34454,-0.09971045088028163,TRAIL_GAP,False,1,1.0,0.5,0.5,False,False
000670,영풍,2022-11-14,2022-11-18,76327.0,71,5425449.9124325495,5536610.53436295,111160.62193040084,0.020488738026255407,TRAIL_GAP,False,4,1.0,0.5,0.5,False,False
267260,HD현대일렉트릭,2022-11-01,2022-11-21,37200.0,147,5474689.48026,5865596.798733001,390907.318473001,0.07140264664918244,TRAIL_INTRA,False,20,1.0,0.5,0.5,False,False
112610,씨에스윈드,2022-11-11,2022-12-02,70800.0,77,5457870.157739999,5685808.391109,227938.2333690012,0.0417632202271712,TRAIL_INTRA,False,21,1.0,0.5,0.5,False,False
006260,LS,2022-11-22,2022-12-05,71300.0,76,5425032.43282,5347054.0087848,-77978.42403519992,-0.014373817115534876,TRAIL_INTRA,False,13,1.0,0.5,0.5,False,False
032830,삼성생명,2022-11-30,2022-12-05,73400.0,74,5437847.15474,4982340.381890399,-455506.77284960076,-0.08376601252069946,TRAIL_INTRA,False,5,1.0,0.5,0.5,False,False
032190,다우데이타,2022-12-01,2022-12-06,30200.0,181,5472486.94993,5263122.175633799,-209364.77429620083,-0.03825770188431036,TRAIL_INTRA,False,5,1.0,0.5,0.5,False,False
000250,삼천당제약,2022-12-01,2022-12-07,47400.0,115,5457269.46765,5154010.7925375,-303258.67511249986,-0.0555696721428507,TRAIL_GAP,False,6,1.0,0.5,0.5,False,False
033780,KT&G,2022-11-30,2022-12-20,99900.0,55,5500819.499175001,5313788.367525,-187031.1316500008,-0.034000594216561965,MA20_EXIT,False,20,1.0,0.5,0.5,False,False
271560,오리온,2022-12-21,2023-01-04,127500.0,42,5361159.05325,4969865.267892,-391293.7853579996,-0.07298678913858983,TRAIL_INTRA,False,14,1.0,0.5,0.5,False,False
145720,덴티움,2023-01-19,2023-01-26,108500.0,49,5322614.772475,5474557.0121508,151942.23967580032,0.028546540783215023,TRAIL_INTRA,False,7,1.0,0.5,0.5,False,False
055550,신한지주,2023-01-16,2023-01-31,43800.0,123,5393596.31811,5065905.2999238,-327691.0181862004,-0.06075556991277175,TRAIL_INTRA,False,15,1.0,0.5,0.5,False,False
023590,다우기술,2023-02-01,2023-02-06,23850.0,339,8094449.1352725,7556341.6606338,-538107.4746387005,-0.06647857879467484,TRAIL_INTRA,False,5,1.5,1.0,0.5,False,False
214370,케어젠,2023-02-01,2023-02-13,36000.0,150,5406210.81,5500974.900618,94764.09061800037,0.017528744983956773,TRAIL_INTRA,False,12,1.0,0.5,0.5,False,False
086520,에코프로,2023-02-07,2023-02-17,32550.0,248,8081684.470859999,10556174.255523479,2474489.78466348,0.3061849040983607,TRAIL_INTRA,True,10,1.5,1.0,0.5,False,True
041510,에스엠,2023-02-08,2023-02-20,98700.0,82,8102708.624009999,10036532.3155056,1933823.6914956002,0.23866385689413552,TRAIL_INTRA,True,12,1.5,1.0,0.5,False,True
005070,코스모신소재,2023-02-16,2023-02-20,75766.0,111,8419698.791403899,7774691.012541972,-645007.7788619269,-0.07660698973227502,TRAIL_INTRA,False,4,1.5,1.0,0.5,False,False
247540,에코프로비엠,2023-02-21,2023-02-23,160800.0,69,11107961.14428,10633200.108048,-474761.0362320002,-0.04274061009625304,TRAIL_INTRA,False,2,2.0,1.0,1.0,False,False
005490,POSCO홀딩스,2023-02-15,2023-02-24,325500.0,25,8146859.345624999,8014802.100075001,-132057.24554999825,-0.01620958948075067,TRAIL_INTRA,False,9,1.5,1.0,0.5,False,False
007070,GS리테일,2023-02-08,2023-02-28,26171.0,309,8096140.077875851,7746899.226369751,-349240.85150610004,-0.04313671059872878,MA20_EXIT,False,20,1.5,1.0,0.5,False,False
066970,엘앤에프,2023-02-28,2023-03-03,262000.0,31,8131341.518300001,7720352.718201,-410988.80009900033,-0.05054378778385448,TRAIL_INTRA,False,3,1.5,1.0,0.5,False,False
277810,레인보우로보틱스,2023-02-27,2023-03-06,92900.0,88,8184602.70628,7896651.444,-287951.26227999944,-0.03518206962679521,TRAIL_GAP,False,7,1.5,1.0,0.5,False,False
005420,코스모화학,2023-03-02,2023-03-07,45557.0,180,8209691.529038999,8253113.468956201,43421.93991720211,0.005289107363365813,TRAIL_INTRA,False,5,1.5,1.0,0.5,False,False
247540,에코프로비엠,2023-03-06,2023-03-08,217000.0,38,8255484.1369,7554862.03554,-700622.1013600007,-0.08486747593982899,TRAIL_GAP,False,2,1.5,1.0,0.5,False,False
001570,금양,2023-03-02,2023-03-08,42900.0,191,8203324.214085,9832810.672873799,1629486.4587887991,0.19863733484908377,TRAIL_INTRA,True,6,1.5,1.0,0.5,False,True
005070,코스모신소재,2023-02-28,2023-03-09,76556.0,107,8200913.4445238,10137262.559674356,1936349.115150556,0.2361138339343848,TRAIL_INTRA,True,9,1.5,1.0,0.5,False,True
003670,포스코퓨처엠,2023-03-07,2023-03-09,252506.0,33,8342281.852604699,7775491.8047861345,-566790.0478185648,-0.06794184826560334,TRAIL_INTRA,False,2,1.5,1.0,0.5,False,False
035900,JYP Ent.,2023-02-22,2023-03-13,76000.0,145,11032674.652999999,10813447.159569,-219227.49343099818,-0.019870747604379502,TRAIL_INTRA,False,19,2.0,1.0,1.0,False,False
103140,풍산,2023-03-02,2023-03-13,38550.0,212,8181999.71589,7632751.733874,-549247.982016,-0.0671288194925408,TRAIL_INTRA,False,11,1.5,1.0,0.5,False,False
003550,LG,2023-03-10,2023-03-14,85900.0,64,5503923.06464,5436214.3823616,-67708.68227840029,-0.012301894754560666,TRAIL_INTRA,False,4,1.0,0.5,0.5,False,False
086520,에코프로,2023-03-15,2023-03-17,87899.0,95,8360009.21831075,8078617.811903579,-281391.4064071709,-0.03365922202464147,TRAIL_INTRA,False,2,1.5,1.0,0.5,False,False
003670,포스코퓨처엠,2023-03-16,2023-03-20,261230.0,21,5492139.5273745,5012997.735249,-479141.79212550074,-0.08724137282698514,TRAIL_GAP,False,4,1.0,0.5,0.5,False,False
001570,금양,2023-03-21,2023-03-24,60600.0,91,5520942.617190001,6684196.390722,1163253.7735319994,0.21069839956497535,TRAIL_INTRA,True,3,1.0,0.5,0.5,False,True
247540,에코프로비엠,2023-03-23,2023-03-27,235000.0,35,8234459.98375,7881795.369945,-352664.61380499974,-0.04282789818651777,TRAIL_INTRA,False,4,1.5,1.0,0.5,False,False
000250,삼천당제약,2023-03-27,2023-03-31,78800.0,106,8362406.97292,8361995.530104,-411.44281599950045,-4.9201481981429105e-05,TRAIL_INTRA,False,4,1.5,1.0,0.5,False,False
042700,한미반도체,2023-03-24,2023-03-31,19940.0,561,11199205.968951002,12144523.4774424,945317.5084913988,0.08440933322525043,TRAIL_INTRA,False,7,2.0,1.0,1.0,False,False
213420,덕산네오룩스,2023-03-24,2023-04-03,47600.0,235,11198865.5779,10993694.21109,-205171.36680999957,-0.01832072770074923,TRAIL_INTRA,False,10,2.0,1.0,1.0,False,False
022100,포스코DX,2023-03-28,2023-04-03,8640.0,980,8476938.55008,9591711.5467404,1114772.9966604002,0.1315065562967753,TRAIL_INTRA,False,6,1.5,1.0,0.5,False,False
066970,엘앤에프,2023-03-27,2023-04-04,297000.0,28,8325564.647399999,8976578.352084002,651013.7046840023,0.0781945408216016,TRAIL_INTRA,False,8,1.5,1.0,0.5,False,False
005490,POSCO홀딩스,2023-03-31,2023-04-04,368000.0,23,8473734.8696,8470694.133693,-3040.735906999558,-0.0003588424648390132,TRAIL_INTRA,False,4,1.5,1.0,0.5,False,False
145720,덴티움,2023-03-31,2023-04-04,139700.0,61,8531501.233255,8303656.0264056,-227845.20684940089,-0.026706344009103742,TRAIL_INTRA,False,4,1.5,1.0,0.5,False,False
005070,코스모신소재,2023-04-03,2023-04-04,187983.0,46,8657163.5977827,7931987.523457092,-725176.0743256072,-0.08376601252069922,TRAIL_INTRA,False,1,1.5,1.0,0.5,False,False
121600,나노신소재,2023-04-03,2023-04-04,175700.0,49,8619201.986395,7897205.8048842,-721996.1815107996,-0.08376601252069928,TRAIL_INTRA,False,1,1.5,1.0,0.5,False,False
028050,삼성E&A,2023-03-09,2023-04-07,28650.0,292,8375421.92487,8748732.04047,373310.11560000014,0.044572096659571514,MA20_EXIT,False,29,1.5,1.0,0.5,False,False
271560,오리온,2023-02-23,2023-04-10,129800.0,63,8186805.23661,8223393.3444306,36588.10782060027,0.004469155765057715,TRAIL_INTRA,False,46,1.5,1.0,0.5,False,False
137400,피엔티,2023-04-06,2023-04-10,61600.0,138,8510577.19512,7797680.079235201,-712897.1158847986,-0.08376601252069915,TRAIL_INTRA,False,4,1.5,1.0,0.5,False,False
078600,대주전자재료,2023-04-07,2023-04-11,129300.0,65,8414166.435675,8168447.80557,-245718.63010500092,-0.029202967636007892,TRAIL_INTRA,False,4,1.5,1.0,0.5,False,False
005420,코스모화학,2023-04-07,2023-04-11,73895.0,114,8433718.8981045,9936867.40140438,1503148.5032998808,0.17823080440085776,TRAIL_INTRA,True,4,1.5,1.0,0.5,False,True
247540,에코프로비엠,2023-04-10,2023-04-12,292500.0,29,8492256.147374999,8206515.249020999,-285740.8983539995,-0.03364723029960931,TRAIL_INTRA,False,2,1.5,1.0,0.5,False,False
086520,에코프로,2023-04-10,2023-04-12,141659.0,60,8509315.745931,8591796.06354,82480.31760900095,0.009692943601069398,TRAIL_GAP,False,2,1.5,1.0,0.5,False,False
121600,나노신소재,2023-04-10,2023-04-12,184800.0,46,8510577.19512,7911607.22325,-598969.9718699995,-0.07037947698934585,TRAIL_INTRA,False,2,1.5,1.0,0.5,False,False
005490,POSCO홀딩스,2023-04-10,2023-04-13,398500.0,21,8378125.030275,8249607.8343,-128517.19597500004,-0.015339613041174874,TRAIL_GAP,False,3,1.5,1.0,0.5,False,False
003550,LG,2023-04-12,2023-04-14,93500.0,90,8424678.512249999,8065711.572641999,-358966.9396079993,-0.042608977789008726,TRAIL_INTRA,False,2,1.5,1.0,0.5,False,False
214370,케어젠,2023-04-12,2023-04-14,45500.0,248,11296978.292599998,11124132.5353968,-172845.75720319897,-0.015300176093674562,TRAIL_INTRA,False,2,2.0,1.5,0.5,False,False
006110,삼아알미늄,2023-04-14,2023-04-18,96600.0,87,8413866.09063,7996364.6154156,-417501.4752144003,-0.04962064652768194,TRAIL_INTRA,False,4,1.5,1.0,0.5,False,False
022100,포스코DX,2023-04-13,2023-04-19,11660.0,732,8544936.668268,12108088.806264719,3563152.1379967183,0.41698988258492786,TRAIL_GAP,True,6,1.5,1.0,0.5,False,True
042660,한화오션,2023-04-19,2023-04-21,26386.0,556,14687489.4089924,13751453.919029834,-936035.4899625666,-0.06373012186749084,TRAIL_INTRA,False,2,2.5,1.5,1.0,False,False
103140,풍산,2023-04-19,2023-04-21,45100.0,325,14674358.323625002,14190442.173179999,-483916.15044500306,-0.03297698882450769,TRAIL_INTRA,False,2,2.5,1.5,1.0,False,False
006260,LS,2023-04-11,2023-04-21,83800.0,101,8473534.63957,9310929.752997,837395.1134270001,0.0988247701869895,TRAIL_INTRA,False,10,1.5,1.0,0.5,False,False
003670,포스코퓨처엠,2023-04-14,2023-04-21,331990.0,25,8309295.957462501,9391536.41789475,1082240.46043225,0.1302445436981096,TRAIL_INTRA,False,7,1.5,1.0,0.5,False,False
001040,CJ,2023-03-06,2023-04-24,90900.0,92,8372418.474420001,9897048.7359084,1524630.2614883995,0.18210153567294285,TRAIL_INTRA,True,49,1.5,1.0,0.5,False,True
051910,LG화학,2023-04-11,2023-04-24,806000.0,10,8069270.209,7597535.859,-471734.3499999996,-0.058460596532491166,TRAIL_GAP,False,13,1.5,1.0,0.5,False,False
012330,현대모비스,2023-04-12,2023-04-26,232000.0,36,8361606.0528,7908855.359867999,-452750.6929320004,-0.054146379304773694,TRAIL_INTRA,False,14,1.5,1.0,0.5,False,False
064350,현대로템,2023-04-21,2023-04-26,33200.0,346,11500412.003080001,11997023.6001672,496611.59708719887,0.04318207008185429,TRAIL_INTRA,False,5,2.0,1.5,0.5,False,False
064550,바이오니아,2023-05-02,2023-05-04,73300.0,156,11447951.73522,11061390.0502872,-386561.6849328,-0.03376688632810446,TRAIL_INTRA,False,2,2.0,1.5,0.5,False,False
267270,HD건설기계,2023-04-27,2023-05-08,67900.0,168,11420319.991080001,11018460.981528,-401859.0095520001,-0.03518806914919001,TRAIL_INTRA,False,11,2.0,1.5,0.5,False,False
008770,호텔신라,2023-05-02,2023-05-09,87300.0,131,11449453.460445,10788700.330169998,-660753.1302750017,-0.05771045164362986,MA20_EXIT,False,7,2.0,1.5,0.5,False,False
214150,클래시스,2023-05-02,2023-05-10,25150.0,456,11481590.38026,10707141.48066,-774448.8995999992,-0.06745136117479762,TRAIL_GAP,False,8,2.0,1.5,0.5,False,False
241560,두산밥캣,2023-04-27,2023-05-12,51200.0,223,11430731.95264,10943702.026316999,-487029.9263230022,-0.0426070638644028,TRAIL_INTRA,False,15,2.0,1.5,0.5,False,False
001450,현대해상,2023-04-25,2023-05-12,37800.0,306,11580103.55502,10862705.5141068,-717398.0409132,-0.06195091758071596,TRAIL_INTRA,False,17,2.0,1.5,0.5,False,False
004370,농심,2023-04-06,2023-05-15,389000.0,21,8178395.57535,7998350.7429,-180044.83244999964,-0.022014688674715333,MA20_EXIT,False,39,1.5,1.0,0.5,False,False
073240,금호타이어,2023-05-15,2023-05-16,5230.0,2130,11152712.555985,10218494.296380602,-934218.2596043982,-0.08376601252069915,TRAIL_INTRA,False,1,2.0,1.5,0.5,False,False
214450,파마리서치,2023-05-16,2023-05-22,113200.0,98,11106359.304039998,11128902.4319256,22543.127885602415,0.0020297495577513173,TRAIL_INTRA,False,6,2.0,1.5,0.5,False,False
035900,JYP Ent.,2023-05-16,2023-05-25,115400.0,96,11091141.821759999,10646409.0522816,-444732.7694783993,-0.04009801485054195,TRAIL_INTRA,False,9,2.0,1.5,0.5,False,False
042700,한미반도체,2023-05-19,2023-05-26,25950.0,437,11353192.8735225,11805172.858052101,451979.9845296014,0.0398108258676458,TRAIL_INTRA,False,7,2.0,1.5,0.5,False,False
009420,한올바이오파마,2023-05-23,2023-05-30,23300.0,485,11313497.270074999,10541830.26735,-771667.0027249996,-0.06820764475420994,MA20_EXIT,False,7,2.0,1.5,0.5,False,False
000810,삼성화재,2023-04-25,2023-05-31,230500.0,50,11538255.47875,11266687.035,-271568.4437499996,-0.02353635211580703,MA20_EXIT,False,36,2.0,1.5,0.5,False,False
017800,현대엘리베이터,2023-05-11,2023-05-31,42100.0,269,11337925.333735002,11029743.621394198,-308181.7123408038,-0.027181490728628823,TRAIL_INTRA,False,20,2.0,1.5,0.5,False,False
122870,와이지엔터테인먼트,2023-05-12,2023-06-07,78100.0,143,11181145.220245,13028027.1631686,1846881.9429235999,0.16517824485273352,TRAIL_GAP,True,26,2.0,1.5,0.5,False,True
005070,코스모신소재,2023-06-09,2023-06-14,215346.0,65,14013589.213123502,14282680.047305671,269090.8341821693,0.01920213516250141,TRAIL_INTRA,False,5,2.5,1.5,1.0,False,False
214150,클래시스,2023-06-14,2023-06-15,32900.0,343,11297679.097705,10351317.568951799,-946361.5287532005,-0.08376601252069937,TRAIL_INTRA,False,1,2.0,1.5,0.5,False,False
000100,유한양행,2023-06-01,2023-06-15,58573.0,192,11258950.6053024,10864643.7830976,-394306.8222048003,-0.03502163176904796,MA20_EXIT,False,14,2.0,1.5,0.5,False,False
047050,포스코인터내셔널,2023-06-08,2023-06-15,38700.0,365,14141746.443824999,13040851.2453495,-1100895.1984754987,-0.07784718831217662,TRAIL_INTRA,False,7,2.5,1.5,1.0,False,False
006110,삼아알미늄,2023-06-15,2023-06-16,124800.0,89,11119974.946080001,10188498.9855168,-931475.9605632015,-0.08376601252069944,TRAIL_INTRA,False,1,2.0,1.5,0.5,False,False
004370,농심,2023-05-16,2023-06-19,426000.0,26,11088739.0614,10822998.91725,-265740.14415000007,-0.02396486585882825,TRAIL_GAP,False,34,2.0,1.5,0.5,False,False
042700,한미반도체,2023-06-15,2023-06-22,29150.0,385,11235657.845912501,10978539.02145,-257118.82446250133,-0.022884180702960832,TRAIL_GAP,False,7,2.0,1.5,0.5,False,False
042660,한화오션,2023-06-16,2023-06-22,29451.0,380,11204251.765707,12541525.634685598,1337273.868978599,0.1193541431362343,TRAIL_INTRA,False,6,2.0,1.5,0.5,False,False
012450,한화에어로스페이스,2023-06-19,2023-06-22,139861.0,79,11061727.029202849,10880585.287787449,-181141.74141540006,-0.01637553891333493,TRAIL_INTRA,False,3,2.0,1.5,0.5,False,False
066570,LG전자,2023-05-30,2023-06-26,124900.0,90,11253928.83615,11046338.55405,-207590.2820999995,-0.018446027615989145,MA20_EXIT,False,27,2.0,1.5,0.5,False,False
248070,솔루엠,2023-06-23,2023-06-28,28500.0,389,11099251.137975,10615542.3180135,-483708.8199614994,-0.04358031131546678,TRAIL_INTRA,False,5,2.0,1.5,0.5,False,False
010140,삼성중공업,2023-06-05,2023-06-29,6450.0,1744,11261737.80732,11337358.077216,75620.26989599876,0.006714795814802796,MA20_EXIT,False,24,2.0,1.5,0.5,False,False
326030,SK바이오팜,2023-06-16,2023-06-29,85800.0,130,11166828.7731,10410299.174106,-756529.5989939999,-0.06774793581651573,TRAIL_INTRA,False,13,2.0,1.5,0.5,False,False
225570,넥슨게임즈,2023-06-22,2023-06-29,24900.0,449,11192958.792015001,10378927.9315512,-814030.8604638018,-0.07272704881612958,TRAIL_INTRA,False,7,2.0,1.5,0.5,False,False
005290,동진쎄미켐,2023-06-30,2023-07-07,42100.0,262,11042886.38453,10238032.526392799,-804853.8581372015,-0.07288437371453199,TRAIL_INTRA,False,7,2.0,1.5,0.5,False,False
357780,솔브레인,2023-06-22,2023-07-07,250500.0,44,11034676.9533,10554313.357764,-480363.59553599916,-0.04353218472719702,TRAIL_INTRA,False,15,2.0,1.5,0.5,False,False
248070,솔루엠,2023-06-28,2023-07-07,29800.0,371,11068515.82837,10260460.212956099,-808055.6154139005,-0.07300487508386194,TRAIL_INTRA,False,9,2.0,1.5,0.5,False,False
140860,파크시스템스,2023-05-19,2023-07-10,159300.0,71,11323308.541545,12798956.471760001,1475647.930215001,0.13031950200781667,MA20_EXIT,False,52,2.0,1.5,0.5,False,False
086520,에코프로,2023-07-03,2023-07-12,178153.0,62,11058189.9657229,11325856.963326517,267666.9976036176,0.02420531736507563,TRAIL_INTRA,False,9,2.0,1.5,0.5,False,False
001570,금양,2023-07-11,2023-07-12,105900.0,105,11132289.092925001,10199781.625383,-932507.4675420001,-0.08376601252069932,TRAIL_INTRA,False,1,2.0,1.5,0.5,False,False
267260,HD현대일렉트릭,2023-06-30,2023-07-13,65100.0,170,11079728.71005,11601856.018512,522127.3084619995,0.04712455711920074,TRAIL_INTRA,False,13,2.0,1.5,0.5,False,False
022100,포스코DX,2023-07-11,2023-07-14,20250.0,554,11231402.957774999,13765478.691050999,2534075.7332760002,0.22562414889778065,TRAIL_INTRA,True,3,2.0,1.5,0.5,False,True
010120,LS ELECTRIC,2023-06-05,2023-07-17,13820.0,814,11262418.589422,14092822.013217842,2830403.4237958416,0.25131399630752854,TRAIL_INTRA,True,42,2.0,1.5,0.5,False,True
272210,한화시스템,2023-07-11,2023-07-17,17220.0,651,11223113.434533,10563660.520384861,-659452.9141481388,-0.05875846466266952,TRAIL_INTRA,False,6,2.0,1.5,0.5,False,False
307950,현대오토에버,2023-06-29,2023-07-18,138900.0,79,10985720.710965,11630750.584022999,645029.8730579987,0.05871529870718318,TRAIL_INTRA,False,19,2.0,1.5,0.5,False,False
007660,이수페타시스,2023-07-14,2023-07-19,37101.0,387,14374600.95376305,13653994.842780713,-720606.1109823361,-0.05013051237388907,TRAIL_INTRA,False,5,2.5,1.5,1.0,False,False
353200,대덕전자,2023-07-13,2023-07-19,33900.0,335,11369561.678475,12184104.4457535,814542.7672784999,0.07164240718449179,TRAIL_INTRA,False,6,2.0,1.5,0.5,False,False
022100,포스코DX,2023-07-20,2023-07-25,31050.0,367,11408456.3618025,12809327.8061439,1400871.4443414006,0.12279237435064067,TRAIL_INTRA,False,5,2.0,1.5,0.5,False,False
005490,POSCO홀딩스,2023-07-17,2023-07-26,478000.0,29,13877943.3793,17865176.8401,3987233.4608000014,0.2873072293080011,TRAIL_INTRA,True,9,2.5,1.5,1.0,False,True
009150,삼성전기,2023-07-17,2023-07-26,158000.0,90,14236355.133,13184177.463162,-1052177.669838,-0.07390779873136508,TRAIL_INTRA,False,9,2.5,1.5,1.0,False,False
247540,에코프로비엠,2023-07-18,2023-07-26,326000.0,34,11096748.2626,14707712.72484,3610964.462240001,0.32540744160253143,TRAIL_INTRA,True,8,2.0,1.5,0.5,False,True
003670,포스코퓨처엠,2023-07-19,2023-07-26,465271.0,24,11179347.1545756,13141214.215461954,1961867.0608863551,0.17549030670215673,TRAIL_INTRA,True,7,2.0,1.5,0.5,False,True
047050,포스코인터내셔널,2023-07-25,2023-07-27,74400.0,165,12290119.2414,14349715.2398808,2059595.9984808005,0.16758144962035262,TRAIL_GAP,True,2,2.0,1.5,0.5,False,True
361610,SK아이이테크놀로지,2023-07-26,2023-07-27,108600.0,169,18374509.16301,16835349.7983996,-1539159.3646104,-0.08376601252069932,TRAIL_INTRA,False,1,3.0,1.5,1.5,False,False
039030,이오테크닉스,2023-07-27,2023-08-01,156100.0,97,15159115.226255,15232848.022281602,73732.79602660239,0.004863924769098664,TRAIL_INTRA,False,5,2.5,1.5,1.0,False,False
195870,해성디에스,2023-07-27,2023-08-02,74900.0,203,15222187.685705,14971237.543432802,-250950.14227219857,-0.016485813173087022,TRAIL_INTRA,False,6,2.5,1.5,1.0,False,False
000150,두산,2023-08-01,2023-08-03,116300.0,107,12458412.581615001,11620935.6046272,-837476.9769878015,-0.06722180466423743,TRAIL_INTRA,False,2,2.0,1.5,0.5,False,False
140860,파크시스템스,2023-07-27,2023-08-03,200000.0,76,15217482.28,14395914.639036,-821567.6409639996,-0.053988407927622016,TRAIL_INTRA,False,7,2.5,1.5,1.0,False,False
000660,SK하이닉스,2023-07-27,2023-08-03,124000.0,122,15145399.4692,14436275.301972002,-709124.1672279984,-0.046821093670727405,TRAIL_INTRA,False,7,2.5,1.5,1.0,False,False
010140,삼성중공업,2023-07-11,2023-08-03,7540.0,1488,11232424.130927999,13209185.91899268,1976761.788064681,0.17598710349814445,TRAIL_INTRA,True,23,2.0,1.5,0.5,False,True
357780,솔브레인,2023-07-12,2023-08-04,264500.0,42,11121777.01635,11037724.025201999,-84052.99114800058,-0.00755751450729818,TRAIL_INTRA,False,23,2.0,1.5,0.5,False,False
000100,유한양행,2023-07-27,2023-08-04,65751.0,231,15205950.031422148,16000712.386502385,794762.3550802376,0.05226653733820713,TRAIL_INTRA,False,8,2.5,1.5,1.0,False,False
009420,한올바이오파마,2023-08-03,2023-08-08,24750.0,492,12191005.37655,11485727.3837916,-705277.9927584007,-0.05785232398593128,TRAIL_INTRA,False,5,2.0,1.5,0.5,False,False
307950,현대오토에버,2023-08-02,2023-08-10,160000.0,76,12173985.824,11955929.106996,-218056.71700399928,-0.017911694670624524,TRAIL_INTRA,False,8,2.0,1.5,0.5,False,False
326030,SK바이오팜,2023-08-09,2023-08-11,99300.0,121,12029119.397295,11432157.776622001,-596961.620672999,-0.049626377539093866,TRAIL_INTRA,False,2,2.0,1.5,0.5,False,False
214450,파마리서치,2023-08-10,2023-08-14,154400.0,78,12057051.48648,11113340.445090001,-943711.041389998,-0.07827046624526857,TRAIL_GAP,False,4,2.0,1.5,0.5,False,False
214150,클래시스,2023-08-10,2023-08-14,34900.0,347,12124228.661545,11676724.6494375,-447504.01210749894,-0.03690989543333746,TRAIL_GAP,False,4,2.0,1.5,0.5,False,False
017800,현대엘리베이터,2023-08-10,2023-08-14,46050.0,263,12125079.6391725,11109410.066303099,-1015669.5728694014,-0.08376601252069943,TRAIL_INTRA,False,4,2.0,1.5,0.5,False,False
069960,현대백화점,2023-08-14,2023-08-16,70800.0,171,12120724.63602,11105419.8643992,-1015304.7716207989,-0.08376601252069923,TRAIL_INTRA,False,2,2.0,1.5,0.5,False,False
192820,코스맥스,2023-08-10,2023-08-16,123800.0,98,12146354.07986,12971733.6100716,825379.5302115995,0.06795286262732701,TRAIL_INTRA,False,6,2.0,1.5,0.5,False,False
161890,한국콜마,2023-08-07,2023-08-17,51700.0,234,12111714.28467,13028972.3684172,917258.0837471988,0.07573313423585196,TRAIL_INTRA,False,10,2.0,1.5,0.5,False,False
009970,영원무역홀딩스,2023-08-14,2023-08-17,83800.0,144,12081079.09008,11148348.9331584,-932730.1569216009,-0.07720586463898602,TRAIL_INTRA,False,3,2.0,1.5,0.5,False,False
028050,삼성E&A,2023-07-12,2023-08-21,32050.0,349,11198314.945317501,12318178.021470001,1119863.0761524998,0.10000282021187151,MA20_EXIT,False,40,2.0,1.5,0.5,False,False
042700,한미반도체,2023-08-18,2023-08-22,57800.0,203,11746895.17001,11340153.8108838,-406741.3591262009,-0.03462543533755351,TRAIL_INTRA,False,4,2.0,1.5,0.5,False,False
004370,농심,2023-08-11,2023-08-24,459000.0,26,11947725.890099999,11686246.495560002,-261479.39453999698,-0.021885285697478326,TRAIL_INTRA,False,13,2.0,1.5,0.5,False,False
017800,현대엘리베이터,2023-08-22,2023-08-24,46900.0,249,11691531.566714998,11511594.899582399,-179936.66713259928,-0.01539034181328876,TRAIL_INTRA,False,2,2.0,1.5,0.5,False,False
022100,포스코DX,2023-08-31,2023-09-01,56100.0,209,11738385.393734999,10755107.6558706,-983277.7378643993,-0.08376601252069926,TRAIL_INTRA,False,1,2.0,1.5,0.5,False,False
140410,메지온,2023-08-31,2023-09-07,49500.0,236,11695436.052299999,11624971.670920799,-70464.38137920015,-0.006024946916395031,TRAIL_INTRA,False,7,2.0,1.5,0.5,False,False
222800,심텍,2023-09-01,2023-09-08,38700.0,303,11739586.773915,10839589.861698002,-899996.9122169986,-0.07666342347047206,TRAIL_INTRA,False,7,2.0,1.5,0.5,False,False
067310,하나마이크론,2023-09-04,2023-09-08,25217.0,466,11764637.552968299,11619112.036492728,-145525.51647557132,-0.012369740743849285,TRAIL_INTRA,False,4,2.0,1.5,0.5,False,False
000150,두산,2023-09-11,2023-09-12,149100.0,81,12090990.476565,11078176.4169174,-1012814.0596475992,-0.08376601252069926,TRAIL_INTRA,False,1,2.0,1.5,0.5,False,False
277810,레인보우로보틱스,2023-09-01,2023-09-12,162800.0,72,11735081.598240001,14879815.8560334,3144734.2577933986,0.2679771956817955,TRAIL_GAP,True,11,2.0,1.5,0.5,False,True
018260,삼성에스디에스,2023-08-07,2023-09-12,140700.0,86,12114117.04503,12117004.8436224,2887.798592399806,0.00023838291983356469,TRAIL_INTRA,False,36,2.0,1.5,0.5,False,False
307950,현대오토에버,2023-08-30,2023-09-12,174900.0,67,11731777.802745,14671739.090484,2939961.287739001,0.25059810517815206,TRAIL_INTRA,True,13,2.0,1.5,0.5,False,True
267250,HD현대,2023-09-08,2023-09-13,67500.0,179,12096396.687375,12396685.892012998,300289.2046379987,0.02482468229166214,TRAIL_INTRA,False,5,2.0,1.5,0.5,False,False
086900,메디톡스,2023-09-11,2023-09-13,306000.0,39,11947725.890099999,11322541.885239,-625184.0048609991,-0.052326610989546773,TRAIL_INTRA,False,2,2.0,1.5,0.5,False,False
000100,유한양행,2023-09-11,2023-09-13,76470.0,159,12172714.363309499,11669505.076031707,-503209.28727779165,-0.041339118972063015,TRAIL_INTRA,False,2,2.0,1.5,0.5,False,False
036930,주성엔지니어링,2023-09-14,2023-09-18,31700.0,376,11932908.86788,11088541.7689896,-844367.0988903996,-0.07075953635774392,TRAIL_INTRA,False,4,2.0,1.5,0.5,False,False
196170,알테오젠,2023-09-12,2023-09-20,59600.0,250,14917137.235,18095595.545745,3178458.310745001,0.21307428232860934,TRAIL_INTRA,True,8,2.5,1.5,1.0,False,True
018670,SK가스,2023-09-19,2023-09-26,147400.0,82,12100701.63302,12012250.5775476,-88451.05547240004,-0.007309580729685763,TRAIL_INTRA,False,7,2.0,1.5,0.5,False,False
088350,한화생명,2023-09-15,2023-09-26,3120.0,3845,12010197.659459999,11004151.2919416,-1006046.3675183989,-0.08376601252069923,TRAIL_INTRA,False,11,2.0,1.5,0.5,False,False
005940,NH투자증권,2023-09-20,2023-09-27,10810.0,1394,15086471.771371,14218578.979209,-867892.7921619993,-0.05752788361086288,MA20_EXIT,False,7,2.5,1.5,1.0,False,False
004020,현대제철,2023-09-04,2023-09-27,39500.0,297,11744992.984724998,11178697.2004125,-566295.7843124978,-0.04821593210391835,MA20_EXIT,False,23,2.0,1.5,0.5,False,False
016360,삼성증권,2023-09-15,2023-09-27,38950.0,308,12010397.88949,11270276.42202,-740121.4674700014,-0.06162339285342605,MA20_EXIT,False,12,2.0,1.5,0.5,False,False
024110,기업은행,2023-09-15,2023-10-05,11340.0,1058,12011519.177658,11709178.69041,-302340.48724799976,-0.025170878285768177,MA20_EXIT,False,20,2.0,1.5,0.5,False,False
139130,iM금융지주,2023-09-18,2023-10-05,8280.0,1446,11986650.607932,11115793.192886999,-870857.4150450006,-0.07265227322707836,MA20_EXIT,False,17,2.0,1.5,0.5,False,False
009420,한올바이오파마,2023-10-06,2023-10-12,37050.0,237,8790949.2946275,8641538.9853255,-149410.30930200033,-0.01699592436431307,TRAIL_INTRA,False,6,1.5,1.0,0.5,False,False
006110,삼아알미늄,2023-10-12,2023-10-16,152400.0,57,8696791.123019999,8156523.064248,-540268.0587719986,-0.062122689981818045,TRAIL_INTRA,False,4,1.5,1.0,0.5,False,False
185750,종근당,2023-09-14,2023-10-19,87609.0,136,11928527.834823601,11588757.148813684,-339770.6860099174,-0.028483874180852926,TRAIL_INTRA,False,35,2.0,1.5,0.5,False,False
039490,키움증권,2023-10-11,2023-10-20,107500.0,82,8825138.57225,8085891.9041100005,-739246.6681399988,-0.08376601252069919,TRAIL_INTRA,False,9,1.5,1.0,0.5,False,False
185750,종근당,2023-11-06,2023-11-08,116691.0,74,8645065.699370101,8651080.612958688,6014.913588587195,0.0006957626231834716,TRAIL_INTRA,False,2,1.5,1.0,0.5,False,False
036930,주성엔지니어링,2023-11-06,2023-11-09,31650.0,275,8713760.6180625,8690155.2384075,-23605.379654999822,-0.0027089772934625863,TRAIL_INTRA,False,3,1.5,1.0,0.5,False,False
042700,한미반도체,2023-11-07,2023-11-13,62600.0,139,8711407.91521,8467862.506155,-243545.40905500017,-0.027957066346276038,TRAIL_GAP,False,6,1.5,1.0,0.5,False,False
036930,주성엔지니어링,2023-11-15,2023-11-21,36850.0,236,8706602.39449,8107172.980930801,-599429.4135591993,-0.06884768436635513,TRAIL_INTRA,False,6,1.5,1.0,0.5,False,False
403870,HPSP,2023-11-28,2023-12-04,41150.0,211,8692636.3498975,9503193.2746194,810556.9247219004,0.09324638603240985,TRAIL_INTRA,False,6,1.5,1.0,0.5,False,False
000120,CJ대한통운,2023-11-30,2023-12-04,113100.0,103,11662698.442395,11432157.776622,-230540.66577300057,-0.01976735203363946,TRAIL_INTRA,False,4,2.0,1.5,0.5,False,False
214150,클래시스,2023-11-30,2023-12-04,41700.0,211,8808819.824805,8225778.292695001,-583041.53211,-0.06618838206546093,TRAIL_INTRA,False,4,1.5,1.0,0.5,False,False
161390,한국타이어앤테크놀로지,2023-11-02,2023-12-06,41300.0,210,8682975.250950001,9323313.138216,640337.8872659989,0.07374636789341761,TRAIL_INTRA,False,34,1.5,1.0,0.5,False,False
058470,리노공업,2023-11-27,2023-12-06,39145.0,222,8700185.0220285,9018945.0835434,318760.06151489913,0.0366383083472147,TRAIL_GAP,False,9,1.5,1.0,0.5,False,False
112040,위메이드,2023-12-04,2023-12-08,68600.0,127,8722220.33683,8990417.433149999,268197.09631999955,0.03074871832663115,TRAIL_GAP,False,4,1.5,1.0,0.5,False,False
000240,한국앤컴퍼니,2023-12-07,2023-12-13,22100.0,394,8717414.81611,8240179.711060801,-477235.1050491994,-0.05474502649194312,TRAIL_INTRA,False,6,1.5,1.0,0.5,False,False
141080,리가켐바이오,2023-12-01,2023-12-15,49000.0,179,8781087.96565,8373920.271426001,-407167.69422399905,-0.04636870690929918,TRAIL_INTRA,False,14,1.5,1.0,0.5,False,False
403870,HPSP,2023-12-14,2023-12-18,48650.0,179,8718365.908752501,8298961.905825,-419404.00292750075,-0.04810580415149296,TRAIL_GAP,False,4,1.5,1.0,0.5,False,False
079550,LIG디펜스앤에어로스페이스,2023-12-18,2023-12-26,138100.0,83,11475483.364345,11168987.9085234,-306495.4558215998,-0.02670871858643438,TRAIL_INTRA,False,8,2.0,1.5,0.5,False,False
028300,HLB,2023-12-14,2023-12-26,40450.0,215,8706752.5670125,10472447.4162534,1765694.849240899,0.2027960293635348,TRAIL_INTRA,True,12,1.5,1.0,0.5,False,True
022100,포스코DX,2023-12-26,2023-12-28,71400.0,164,11723067.796440002,11974641.777993599,251573.98155359738,0.021459739542749552,TRAIL_INTRA,False,2,2.0,1.5,0.5,False,False
141080,리가켐바이오,2023-12-26,2024-01-02,57400.0,153,8792300.84733,9417151.679542199,624850.8322121985,0.07106795400454818,TRAIL_INTRA,False,7,1.5,1.0,0.5,False,False
018260,삼성에스디에스,2023-11-24,2024-01-04,155200.0,55,8545817.680399999,8938570.73175,392753.05135000125,0.045958510471243504,MA20_EXIT,False,41,1.5,1.0,0.5,False,False
068270,셀트리온,2023-12-12,2024-01-04,160817.0,72,11592141.3844236,14061467.202079177,2469325.8176555764,0.21301722742733434,TRAIL_INTRA,True,23,2.0,1.5,0.5,False,True
000270,기아,2023-12-20,2024-01-04,95000.0,123,11698439.50275,11384183.624995802,-314255.8777541984,-0.02686305961408998,TRAIL_INTRA,False,15,2.0,1.5,0.5,False,False
028260,삼성물산,2023-12-14,2024-01-05,134000.0,86,11537254.328599999,10889801.3979,-647452.9306999985,-0.05611845871292017,MA20_EXIT,False,22,2.0,1.5,0.5,False,False
000660,SK하이닉스,2023-12-14,2024-01-09,136700.0,85,11632864.167924998,11780168.78925,147304.62132500112,0.012662799049193785,MA20_EXIT,False,26,2.0,1.5,0.5,False,False
175330,JB금융지주,2023-12-28,2024-01-09,11390.0,1051,11984658.3191335,11254463.178093,-730195.1410405003,-0.060927489261395476,MA20_EXIT,False,12,2.0,1.5,0.5,False,False
065350,신성델타테크,2024-01-08,2024-01-09,72500.0,162,11758508.51175,10773545.14053,-984963.3712200001,-0.08376601252069933,TRAIL_INTRA,False,1,2.0,1.5,0.5,False,False
222800,심텍,2024-01-02,2024-01-10,42200.0,285,12040832.854050001,11267504.617599,-773328.2364510018,-0.0642254772427049,TRAIL_INTRA,False,8,2.0,1.5,0.5,False,False
357780,솔브레인,2023-12-01,2024-01-10,289000.0,30,8679971.800499998,8764086.6405,84114.84000000171,0.009690681252576926,MA20_EXIT,False,40,1.5,1.0,0.5,False,False
375500,DL이앤씨,2024-01-10,2024-01-17,40750.0,286,11667904.423175,10913523.2578944,-754381.1652805991,-0.06465438333401445,TRAIL_INTRA,False,7,2.0,1.5,0.5,False,False
323410,카카오뱅크,2024-01-11,2024-01-17,29700.0,391,11626056.346905,11297775.114801,-328281.2321039997,-0.02823667994619622,TRAIL_INTRA,False,6,2.0,1.5,0.5,False,False
348370,엔켐,2024-01-15,2024-01-18,107000.0,109,11676414.19945,11998124.34552,321710.14607000165,0.027552135490804645,TRAIL_INTRA,False,3,2.0,1.5,0.5,False,False
280360,롯데웰푸드,2024-01-10,2024-01-19,134200.0,86,11554474.11118,10872652.10436,-681822.0068200007,-0.05900934999372028,MA20_EXIT,False,9,2.0,1.5,0.5,False,False
348370,엔켐,2024-01-18,2024-01-19,129000.0,67,8652940.74645,7928118.403542001,-724822.3429079987,-0.08376601252069918,TRAIL_INTRA,False,1,1.5,1.0,0.5,False,False
039030,이오테크닉스,2024-01-19,2024-01-23,183900.0,46,8469129.57891,8755511.99373,286382.41481999867,0.033814858085670814,TRAIL_INTRA,False,4,1.5,1.0,0.5,False,False
058470,리노공업,2024-01-22,2024-01-24,46854.0,184,8631051.5995704,7975575.204852384,-655476.3947180156,-0.07594397822284381,TRAIL_INTRA,False,2,1.5,1.0,0.5,False,False
065350,신성델타테크,2024-01-22,2024-01-25,73900.0,116,8582259.54586,8720615.17548,138355.62962000072,0.016121119255446213,TRAIL_GAP,False,3,1.5,1.0,0.5,False,False
403870,HPSP,2024-01-23,2024-01-26,51000.0,169,8628913.142849999,7970134.172715,-658778.9701349987,-0.07634553265620356,TRAIL_GAP,False,3,1.5,1.0,0.5,False,False
098460,고영,2024-01-24,2024-01-26,18380.0,468,8611733.406275999,9262413.20511,650679.7988340016,0.07555735508019834,TRAIL_GAP,False,2,1.5,1.0,0.5,False,False
028300,HLB,2024-01-26,2024-01-29,65200.0,131,8551023.66118,7834738.506112801,-716285.1550671998,-0.08376601252069929,TRAIL_INTRA,False,3,1.5,1.0,0.5,False,False
096530,씨젠,2024-01-29,2024-01-30,29000.0,294,8535806.1789,7820795.731644,-715010.4472559998,-0.08376601252069929,TRAIL_INTRA,False,1,1.5,1.0,0.5,False,False
348370,엔켐,2024-01-29,2024-01-31,169500.0,50,8484747.521249998,8122583.415870001,-362164.10537999775,-0.042684134616022454,TRAIL_INTRA,False,2,1.5,1.0,0.5,False,False
067630,HLB생명과학,2024-01-29,2024-02-01,12862.0,664,8550190.704255199,9618815.4069492,1068624.7026940007,0.12498255765946542,TRAIL_GAP,False,3,1.5,1.0,0.5,False,False
003090,대웅,2024-01-31,2024-02-05,23200.0,371,8617099.57108,9222503.2096554,605403.6385754012,0.0702560802021143,TRAIL_INTRA,False,5,1.5,1.0,0.5,False,False
028260,삼성물산,2024-01-31,2024-02-06,138000.0,62,8565840.6834,8866320.3592452,300479.6758452002,0.03507883078277522,TRAIL_INTRA,False,6,1.5,1.0,0.5,False,False
000270,기아,2024-02-01,2024-02-06,106300.0,109,11600026.443005001,12128104.0259298,528077.5829247981,0.04552382578776251,TRAIL_INTRA,False,5,2.0,1.5,0.5,False,False
316140,우리금융지주,2024-01-31,2024-02-07,13880.0,620,8615497.730840001,8530776.4842,-84721.24664000049,-0.009833587018046869,TRAIL_INTRA,False,7,1.5,1.0,0.5,False,False
025900,동화기업,2024-02-06,2024-02-07,32843.0,178,5852777.839008099,5362513.9772648765,-490263.8617432229,-0.08376601252069914,TRAIL_INTRA,False,1,1.0,0.5,0.5,False,False
000810,삼성화재,2024-02-08,2024-02-14,333000.0,35,11668404.998249998,10915724.7486,-752680.2496499978,-0.06450583860972285,TRAIL_INTRA,False,6,2.0,1.5,0.5,False,False
402340,SK스퀘어,2024-02-06,2024-02-15,62400.0,188,11744692.63968,11536912.0426968,-207780.59698319994,-0.01769144611594205,TRAIL_INTRA,False,9,2.0,1.5,0.5,False,False
005380,현대차,2024-02-05,2024-02-15,238000.0,49,11675413.0493,11731193.597466001,55780.548166001216,0.0047776081180567346,TRAIL_INTRA,False,10,2.0,1.5,0.5,False,False
105560,KB금융,2024-02-01,2024-02-15,61300.0,190,11660395.797050001,12391640.809146,731245.012095999,0.06271185170927035,TRAIL_INTRA,False,14,2.0,1.5,0.5,False,False
403870,HPSP,2024-02-13,2024-02-16,59300.0,100,5936820.3895000005,5861469.00366,-75351.38584000058,-0.01269221248014658,TRAIL_INTRA,False,3,1.0,0.5,0.5,False,False
002710,TCC스틸,2024-02-19,2024-02-22,75900.0,155,11778030.939675001,12213228.333212998,435197.39353799634,0.03694992785865487,TRAIL_INTRA,False,3,2.0,1.5,0.5,False,False
024110,기업은행,2024-01-29,2024-02-26,12100.0,705,8540311.354574999,9202368.7425771,662057.3880021013,0.07752145800251659,TRAIL_INTRA,False,28,1.5,1.0,0.5,False,False
073240,금호타이어,2024-01-25,2024-02-27,5900.0,1465,8653441.321525,9245527.1332848,592085.8117597997,0.06842200573857432,TRAIL_INTRA,False,33,1.5,1.0,0.5,False,False
196170,알테오젠,2024-02-22,2024-02-28,105000.0,84,8830144.322999999,12263439.869415,3433295.546415001,0.38881533764654885,TRAIL_GAP,True,6,1.5,1.0,0.5,False,True
036930,주성엔지니어링,2024-02-28,2024-02-29,40000.0,310,12414261.86,11374368.6456,-1039893.214399999,-0.08376601252069925,TRAIL_INTRA,False,1,2.0,1.0,1.0,False,False
012450,한화에어로스페이스,2024-02-14,2024-03-04,149029.0,79,11786832.05064365,14859984.29333751,3073152.24269386,0.260727583924982,TRAIL_INTRA,True,19,2.0,1.5,0.5,False,True
145020,휴젤,2024-02-15,2024-03-05,168800.0,51,8618701.411319999,10362321.034272,1743619.6229520012,0.20230653549058927,TRAIL_INTRA,True,19,1.5,1.0,0.5,False,True
006800,미래에셋증권,2024-01-26,2024-03-06,7646.0,1121,8581024.1265749,9580883.5625634,999859.4359885007,0.11651982575040175,MA20_EXIT,False,40,1.5,1.0,0.5,False,False
298040,효성중공업,2024-03-04,2024-03-08,222500.0,69,15370157.677875,15823214.4465,453056.7686250005,0.029476390426180575,TRAIL_GAP,False,4,2.5,1.5,1.0,False,False
042700,한미반도체,2024-03-04,2024-03-08,95400.0,162,15472575.33822,16019147.119298398,546571.7810783982,0.035325197591914076,TRAIL_INTRA,False,4,2.5,1.5,1.0,False,False
012450,한화에어로스페이스,2024-03-06,2024-03-11,207806.0,74,15395330.5972466,14520467.644856496,-874862.9523901045,-0.05682651287440171,TRAIL_INTRA,False,5,2.5,1.5,1.0,False,False
016360,삼성증권,2024-02-16,2024-03-12,41200.0,285,11755505.061300002,11380600.2202875,-374904.8410125021,-0.031891853140935365,MA20_EXIT,False,25,2.0,1.5,0.5,False,False
141080,리가켐바이오,2024-03-06,2024-03-12,77600.0,160,12430280.2624,12172010.205599999,-258270.05680000037,-0.020777492650848276,TRAIL_GAP,False,6,2.0,1.0,1.0,False,False
079550,LIG디펜스앤에어로스페이스,2024-03-06,2024-03-12,168500.0,92,15519829.6253,16143898.259282399,624068.6339823995,0.040211049286588814,TRAIL_INTRA,False,6,2.5,1.5,1.0,False,False
281740,레이크머티리얼즈,2024-03-08,2024-03-12,29650.0,421,12497006.9198975,12782497.138169399,285490.2182718981,0.022844687540129784,TRAIL_INTRA,False,4,2.0,1.5,0.5,False,False
298380,에이비엘바이오,2024-03-06,2024-03-13,27300.0,456,12463117.98732,12339355.404888,-123762.58243199997,-0.00993030656998644,TRAIL_INTRA,False,7,2.0,1.0,1.0,False,False
028300,HLB,2024-03-08,2024-03-13,98000.0,127,12460314.7669,11964092.9683626,-496221.7985373996,-0.039824178427304256,TRAIL_INTRA,False,5,2.0,1.5,0.5,False,False
058470,리노공업,2024-03-11,2024-03-13,48556.0,256,12444632.7509504,11895799.057523713,-548833.6934266873,-0.04410204016544986,TRAIL_INTRA,False,2,2.0,1.5,0.5,False,False
067630,HLB생명과학,2024-03-13,2024-03-18,18358.0,666,12240490.2261642,12262870.114048691,22379.887884492055,0.0018283489852926615,TRAIL_INTRA,False,5,2.0,1.5,0.5,False,False
005830,DB손해보험,2024-03-14,2024-03-18,106200.0,116,12333368.927879998,11640749.0209776,-692619.9069023989,-0.056158208754844605,TRAIL_INTRA,False,4,2.0,1.5,0.5,False,False
237690,에스티팜,2024-03-18,2024-03-19,96300.0,127,12244166.449514998,11218521.4493994,-1025645.0001155976,-0.08376601252069914,TRAIL_INTRA,False,1,2.0,1.5,0.5,False,False
015760,한국전력,2024-02-19,2024-03-19,23200.0,509,11822381.89132,11882591.9478657,60210.05654570088,0.005092887127077762,TRAIL_INTRA,False,29,2.0,1.5,0.5,False,False
316140,우리금융지주,2024-03-14,2024-03-20,15160.0,816,12384787.999584,12041196.98976,-343591.0098240003,-0.027742986786333475,MA20_EXIT,False,6,2.0,1.5,0.5,False,False
005290,동진쎄미켐,2024-03-21,2024-03-22,47950.0,252,12097297.722509999,11083955.3300196,-1013342.3924903981,-0.08376601252069917,TRAIL_INTRA,False,1,2.0,1.5,0.5,False,False
067630,HLB생명과학,2024-03-21,2024-03-22,20658.0,587,12140193.0018369,10887183.1394793,-1253009.8623575997,-0.10321169211791033,TRAIL_GAP,False,1,2.0,1.5,0.5,False,False
001040,CJ,2024-03-21,2024-03-25,119200.0,101,12053046.885879999,11395466.264862,-657580.621018,-0.05455721090642631,TRAIL_INTRA,False,4,2.0,1.5,0.5,False,False
067630,HLB생명과학,2024-03-25,2024-03-27,23679.0,503,11924235.90413055,11240062.118665902,-684173.7854646482,-0.05737674019243872,TRAIL_INTRA,False,2,2.0,1.5,0.5,False,False
005940,NH투자증권,2024-03-13,2024-03-28,12840.0,953,12250593.833477998,11155236.568029,-1095357.2654489987,-0.08941258524592043,MA20_EXIT,False,15,2.0,1.5,0.5,False,False
000250,삼천당제약,2024-03-26,2024-03-29,140400.0,85,11947725.8901,11576770.19145,-370955.6986500006,-0.031048226420843657,TRAIL_GAP,False,3,2.0,1.5,0.5,False,False
007660,이수페타시스,2024-03-27,2024-03-29,42547.0,280,11926861.920974001,11614844.81367504,-312017.1072989609,-0.026160871934826607,TRAIL_INTRA,False,2,2.0,1.5,0.5,False,False
399720,가온칩스,2024-03-28,2024-03-29,123000.0,97,11944722.43965,10944160.670214001,-1000561.769435998,-0.08376601252069917,TRAIL_INTRA,False,1,2.0,1.5,0.5,False,False
012330,현대모비스,2024-03-14,2024-04-01,265000.0,46,12204020.328499999,11810080.34775,-393939.98074999824,-0.03227952511927826,MA20_EXIT,False,18,2.0,1.5,0.5,False,False
267260,HD현대일렉트릭,2024-03-13,2024-04-01,147000.0,83,12215032.98015,14374019.378214,2158986.3980640005,0.17674830690776314,TRAIL_INTRA,True,19,2.0,1.5,0.5,False,True
207940,삼성바이오로직스,2024-03-18,2024-04-02,1264228.0,9,11391138.4665078,10737005.1806664,-654133.2858413998,-0.05742475063091201,MA20_EXIT,False,15,2.0,1.5,0.5,False,False
069620,대웅제약,2024-03-19,2024-04-03,123600.0,96,11879247.219840001,11371178.079359999,-508069.1404800024,-0.04276947276856533,MA20_EXIT,False,15,2.0,1.5,0.5,False,False
042700,한미반도체,2024-03-26,2024-04-03,112500.0,106,11938715.538749998,14823869.277015,2885153.738265002,0.24166366380876866,TRAIL_INTRA,True,8,2.0,1.5,0.5,False,True
039030,이오테크닉스,2024-03-29,2024-04-03,208500.0,56,11689429.1514,10776137.4756,-913291.6757999994,-0.07812970710298696,TRAIL_GAP,False,5,2.0,1.5,0.5,False,False
001040,CJ,2024-03-29,2024-04-03,129800.0,91,11825385.34177,11168712.7221852,-656672.6195848007,-0.05553075866925713,TRAIL_INTRA,False,5,2.0,1.5,0.5,False,False
012450,한화에어로스페이스,2024-04-02,2024-04-03,245497.0,47,11551629.84360385,10583995.873490047,-967633.9701138027,-0.0837660125206992,TRAIL_INTRA,False,1,2.0,1.5,0.5,False,False
039030,이오테크닉스,2024-04-04,2024-04-08,259000.0,44,11409107.109399999,10453411.700423999,-955695.4089759998,-0.08376601252069932,TRAIL_INTRA,False,4,2.0,1.5,0.5,False,False
115450,HLB테라퓨틱스,2024-04-08,2024-04-09,14967.0,773,11582797.65007365,10612552.877092855,-970244.7729807943,-0.08376601252069918,TRAIL_INTRA,False,1,2.0,1.5,0.5,False,False
084370,유진테크,2024-04-05,2024-04-09,49950.0,232,11601728.39826,11193846.4077408,-407881.9905191995,-0.03515700217394959,TRAIL_INTRA,False,4,2.0,1.5,0.5,False,False
240810,원익IPS,2024-03-29,2024-04-09,41500.0,285,11841103.399124999,11725001.9048565,-116101.49426849931,-0.009804955700081013,TRAIL_INTRA,False,11,2.0,1.5,0.5,False,False
011790,SKC,2024-04-04,2024-04-09,122755.0,94,11552241.5463455,11954241.29745504,401999.75110954046,0.034798419812881363,TRAIL_INTRA,False,5,2.0,1.5,0.5,False,False
010950,S-Oil,2024-04-05,2024-04-12,83500.0,138,11536253.17845,10696492.965834,-839760.2126160003,-0.07279315039519874,TRAIL_INTRA,False,7,2.0,1.5,0.5,False,False
064350,현대로템,2024-04-09,2024-04-15,41150.0,276,11370462.713609999,11000298.683206799,-370164.03040320054,-0.03255487834810176,TRAIL_INTRA,False,6,2.0,1.5,0.5,False,False
166090,하나머티리얼즈,2024-04-04,2024-04-16,59400.0,195,11596322.18745,11000573.869545,-595748.3179049995,-0.051373901852239154,TRAIL_INTRA,False,12,2.0,1.5,0.5,False,False
010120,LS ELECTRIC,2024-04-12,2024-04-16,27940.0,405,11328714.752355,10907285.7008952,-421429.05145980045,-0.037200076149167254,TRAIL_INTRA,False,4,2.0,1.5,0.5,False,False
161390,한국타이어앤테크놀로지,2024-04-11,2024-04-19,60500.0,188,11387081.8061,10916091.663717601,-470990.14238239825,-0.04136179491835137,TRAIL_INTRA,False,8,2.0,1.5,0.5,False,False
010120,LS ELECTRIC,2024-04-18,2024-04-22,31000.0,362,11234906.983299999,11289978.168552,55071.18525200151,0.004901792719233141,TRAIL_INTRA,False,4,2.0,1.5,0.5,False,False
272210,한화시스템,2024-04-26,2024-05-07,19940.0,566,11299020.638906,10695208.762922399,-603811.8759836014,-0.053439310828806846,TRAIL_INTRA,False,11,2.0,1.5,0.5,False,False
232140,와이씨,2024-05-07,2024-05-08,15840.0,541,8579296.141416,7860642.713415361,-718653.4280006392,-0.08376601252069922,TRAIL_INTRA,False,1,1.5,1.0,0.5,False,False
103140,풍산,2024-05-02,2024-05-09,72700.0,156,11354244.08118,11075699.739873601,-278544.34130639955,-0.024532178392051227,TRAIL_INTRA,False,7,2.0,1.5,0.5,False,False
073240,금호타이어,2024-04-30,2024-05-10,7040.0,1598,11262859.095487999,12254304.480628321,991445.3851403221,0.08802786013166976,TRAIL_INTRA,False,10,2.0,1.5,0.5,False,False
103590,일진전기,2024-05-10,2024-05-14,24650.0,461,11376719.9020475,11881718.5303575,504998.6283100005,0.04438877221712337,TRAIL_GAP,False,4,2.0,1.5,0.5,False,False
251270,넷마블,2024-05-10,2024-05-14,69400.0,163,11325210.72683,10376542.9832868,-948667.7435432002,-0.08376601252069933,TRAIL_INTRA,False,4,2.0,1.5,0.5,False,False
004490,세방전지,2024-04-15,2024-05-14,94700.0,119,11282261.385394998,13536754.973721001,2254493.5883260034,0.19982639218450196,TRAIL_INTRA,True,29,2.0,1.5,0.5,False,True
058470,리노공업,2024-05-07,2024-05-14,59669.0,143,8542480.84695005,7892497.366637599,-649983.4803124517,-0.07608837432096993,TRAIL_INTRA,False,7,1.5,1.0,0.5,False,False
298040,효성중공업,2024-05-17,2024-05-21,370500.0,30,11127783.91725,12300829.317540001,1173045.4002900012,0.10541590392239526,TRAIL_INTRA,False,4,2.0,1.5,0.5,False,False
010140,삼성중공업,2024-04-18,2024-05-22,9540.0,1177,11241494.551287,11120371.6554414,-121122.89584559947,-0.010774625677484542,TRAIL_INTRA,False,34,2.0,1.5,0.5,False,False
000810,삼성화재,2024-05-16,2024-05-22,370000.0,30,11112766.665,10457080.8516,-655685.8133999985,-0.05900293177801538,TRAIL_INTRA,False,6,2.0,1.5,0.5,False,False
005830,DB손해보험,2024-05-16,2024-05-22,111500.0,101,11274452.414224999,10413417.952605601,-861034.4616193976,-0.07637040185943121,TRAIL_INTRA,False,6,2.0,1.5,0.5,False,False
214150,클래시스,2024-05-09,2024-05-23,48500.0,175,8497261.898124998,8395476.534585,-101785.36353999935,-0.01197860731613548,TRAIL_INTRA,False,14,1.5,1.0,0.5,False,False
007660,이수페타시스,2024-05-16,2024-05-24,49404.0,229,11326528.240427399,11215254.987564966,-111273.25286243297,-0.009824127084702712,TRAIL_INTRA,False,8,2.0,1.5,0.5,False,False
090430,아모레퍼시픽,2024-04-30,2024-05-28,169500.0,66,11199866.72805,11684411.919972,484545.19192200154,0.04326347836876139,TRAIL_INTRA,False,28,2.0,1.5,0.5,False,False
000150,두산,2024-05-22,2024-05-29,177400.0,64,11366658.34304,13434122.4341958,2067464.091155799,0.1818884696593122,TRAIL_INTRA,True,7,2.0,1.5,0.5,False,True
047810,한국항공우주,2024-05-28,2024-05-30,58600.0,195,11440142.76405,10481847.622038,-958295.1420120001,-0.08376601252069933,TRAIL_INTRA,False,2,2.0,1.5,0.5,False,False
018670,SK가스,2024-05-21,2024-05-30,174700.0,65,11368560.528324999,10976724.386901,-391836.1414239984,-0.03446664513486388,TRAIL_INTRA,False,9,2.0,1.5,0.5,False,False
034020,두산에너빌리티,2024-05-27,2024-05-30,21300.0,534,11387282.03613,10776297.003912,-610985.0322179999,-0.0536550364063561,TRAIL_INTRA,False,3,2.0,1.5,0.5,False,False
005380,현대차,2024-05-22,2024-05-31,277000.0,41,11370062.253549999,10417637.476458,-952424.7770919986,-0.0837660125206992,TRAIL_INTRA,False,9,2.0,1.5,0.5,False,False
084370,유진테크,2024-05-28,2024-05-31,56500.0,101,5713063.330975,5419794.930849,-293268.40012599993,-0.05133295101700725,TRAIL_INTRA,False,3,1.0,0.5,0.5,False,False
002790,아모레퍼시픽홀딩스,2024-05-30,2024-06-03,38450.0,290,11163324.747575002,10680440.429438999,-482884.31813600287,-0.04325631736556794,TRAIL_INTRA,False,4,2.0,1.5,0.5,False,False
357780,솔브레인,2024-05-28,2024-06-04,343500.0,16,5502321.2244,5041413.715824,-460907.5085760001,-0.08376601252069935,TRAIL_INTRA,False,7,1.0,0.5,0.5,False,False
039200,오스코텍,2024-06-03,2024-06-05,37300.0,148,5526749.28806,5152038.6237804005,-374710.6642795997,-0.06779946850296345,TRAIL_INTRA,False,2,1.0,0.5,0.5,False,False
161890,한국콜마,2024-05-31,2024-06-05,64300.0,172,11072320.198940001,10775930.088794399,-296390.1101456024,-0.026768563843915662,TRAIL_INTRA,False,5,2.0,1.5,0.5,False,False
257720,실리콘투,2024-06-03,2024-06-05,43100.0,128,5523145.14752,5265965.7677951995,-257179.3797248006,-0.046563936462955195,TRAIL_INTRA,False,2,1.0,0.5,0.5,False,False
175330,JB금융지주,2024-05-31,2024-06-10,14620.0,759,11109342.731487,10366737.176768942,-742605.5547180586,-0.06684513860692277,TRAIL_INTRA,False,10,2.0,1.5,0.5,False,False
036830,솔브레인홀딩스,2024-06-10,2024-06-12,89500.0,94,8422676.211949999,7924082.337248401,-498593.8747015977,-0.059196609504494346,TRAIL_INTRA,False,2,1.5,1.0,0.5,False,False
237690,에스티팜,2024-06-07,2024-06-12,109600.0,76,8339180.28944,7856753.413168801,-482426.87627119943,-0.05785063513761684,TRAIL_INTRA,False,5,1.5,1.0,0.5,False,False
078600,대주전자재료,2024-05-30,2024-06-13,121300.0,45,5464778.0937749995,6745905.930011399,1281127.8362363996,0.23443364291328667,TRAIL_INTRA,True,14,1.0,0.5,0.5,False,True
196170,알테오젠,2024-06-04,2024-06-13,233500.0,23,5376676.880574999,6065565.537825,688888.6572500002,0.12812535931605548,TRAIL_INTRA,False,9,1.0,0.5,0.5,False,False
031980,피에스케이홀딩스,2024-06-05,2024-06-14,64600.0,85,5497315.473649999,6520759.635078,1023444.1614280008,0.18617162619347993,TRAIL_INTRA,True,9,1.0,0.5,0.5,False,True
214150,클래시스,2024-06-12,2024-06-17,53800.0,158,8510176.735059999,8116162.401312001,-394014.3337479979,-0.04629919518883176,TRAIL_INTRA,False,5,1.5,1.0,0.5,False,False
042700,한미반도체,2024-06-13,2024-06-17,189000.0,60,11353042.701,10720302.5664,-632740.1345999986,-0.05573308858816021,TRAIL_GAP,False,4,2.0,1.5,0.5,False,False
036460,한국가스공사,2024-06-13,2024-06-17,51800.0,219,11357247.53163,11350060.519058999,-7187.012571001425,-0.0006328128845466786,TRAIL_INTRA,False,4,2.0,1.5,0.5,False,False
011790,SKC,2024-06-10,2024-06-18,159507.0,70,11178331.988323499,12064636.883462941,886304.8951394428,0.07928775921713958,TRAIL_INTRA,False,8,2.0,1.5,0.5,False,False
005850,에스엘,2024-06-12,2024-06-18,41600.0,273,11369862.02352,11932492.4038593,562630.3803393003,0.049484363062227844,TRAIL_INTRA,False,6,2.0,1.5,0.5,False,False
280360,롯데웰푸드,2024-05-07,2024-06-19,142900.0,79,11302084.158365,14773745.4813846,3471661.3230195995,0.30717001168763397,TRAIL_INTRA,True,43,2.0,1.5,0.5,False,True
204270,제이앤티씨,2024-06-17,2024-06-20,22100.0,387,8562536.887905,10440603.5710743,1878066.6831692997,0.2193353100553833,TRAIL_INTRA,True,3,1.5,1.0,0.5,False,True
272210,한화시스템,2024-06-18,2024-06-20,21700.0,528,11470777.958639998,10558349.4240576,-912428.5345823988,-0.07954373608070245,TRAIL_INTRA,False,2,2.0,1.5,0.5,False,False
001720,신영증권,2024-05-31,2024-06-20,72800.0,152,11078327.099839998,10760184.6444,-318142.45543999784,-0.028717553884520408,MA20_EXIT,False,20,2.0,1.5,0.5,False,False
082740,한화엔진,2024-06-14,2024-06-21,15430.0,924,14273718.056598,14357902.232852641,84184.17625464126,0.005897844970794227,TRAIL_INTRA,False,7,2.5,1.5,1.0,False,False
007660,이수페타시스,2024-06-18,2024-06-21,54558.0,210,11470357.475577,10649531.818989001,-820825.6565879993,-0.07156059942645412,TRAIL_GAP,False,3,2.0,1.5,0.5,False,False
012450,한화에어로스페이스,2024-06-19,2024-06-21,255683.0,56,14334716.132937199,13369374.199619424,-965341.9333177749,-0.0673429403390617,TRAIL_INTRA,False,2,2.5,1.5,1.0,False,False
000250,삼천당제약,2024-06-19,2024-06-24,163800.0,70,11479187.619900001,10723094.311859999,-756093.3080400024,-0.06586644744173882,TRAIL_INTRA,False,5,2.0,1.0,1.0,False,False
078930,GS,2024-06-21,2024-06-24,53900.0,209,11278056.554765001,10333338.7281894,-944717.8265756015,-0.08376601252069944,TRAIL_INTRA,False,3,2.0,1.5,0.5,False,False
079550,LIG디펜스앤에어로스페이스,2024-06-17,2024-06-26,206500.0,55,11370562.828625,11073956.893065,-296605.9355599992,-0.026085422509895817,TRAIL_INTRA,False,9,2.0,1.5,0.5,False,False
033100,제룡전기,2024-06-21,2024-06-26,84500.0,100,8459718.767499998,7870329.272519999,-589389.494979999,-0.06967010502101767,TRAIL_INTRA,False,5,1.5,1.0,0.5,False,False
033100,제룡전기,2024-06-27,2024-07-01,90900.0,60,5460272.9181,5156991.977868,-303280.9402320003,-0.055543183423427185,TRAIL_INTRA,False,4,1.0,0.5,0.5,False,False
336370,솔루스첨단소재,2024-07-01,2024-07-02,23050.0,479,11053648.7486425,10127728.669164302,-925920.0794781987,-0.08376601252069919,TRAIL_INTRA,False,1,2.0,1.5,0.5,False,False
039200,오스코텍,2024-07-01,2024-07-02,41400.0,133,5512532.95593,5050770.051322799,-461762.904607201,-0.0837660125206995,TRAIL_INTRA,False,1,1.0,0.5,0.5,False,False
087010,펩트론,2024-07-01,2024-07-03,56499.0,97,5486706.285510451,5557962.4018722,71256.11636174936,0.012987047721130221,TRAIL_GAP,False,2,1.0,0.5,0.5,False,False
021240,코웨이,2024-06-26,2024-07-04,66300.0,167,11084834.575815,10324807.951705199,-760026.6241098009,-0.0685645436484938,TRAIL_INTRA,False,8,2.0,1.5,0.5,False,False
082640,동양생명,2024-07-02,2024-07-08,8450.0,1296,10963795.52268,10045402.0896528,-918393.4330272004,-0.08376601252069936,TRAIL_INTRA,False,6,2.0,1.5,0.5,False,False
000250,삼천당제약,2024-07-03,2024-07-08,181800.0,30,5460272.9181,5586282.665459999,126009.74735999852,0.023077554776116553,TRAIL_INTRA,False,5,1.0,0.5,0.5,False,False
007660,이수페타시스,2024-06-28,2024-07-12,57086.0,194,11087421.5478026,10251881.5779783,-835539.9698242992,-0.07535926781731266,TRAIL_GAP,False,14,2.0,1.5,0.5,False,False
034020,두산에너빌리티,2024-07-09,2024-07-12,22250.0,489,10892763.9195375,10025175.8937951,-867588.0257424004,-0.07964810695899464,TRAIL_INTRA,False,3,2.0,1.5,0.5,False,False
086280,현대글로비스,2024-07-01,2024-07-19,120297.0,91,10959617.72310405,10797075.56655,-162542.15655405074,-0.014831006031478126,TRAIL_GAP,False,18,2.0,1.5,0.5,False,False
105560,KB금융,2024-07-02,2024-07-19,83200.0,131,10911735.71488,10814823.09126,-96912.6236200016,-0.008881503928641234,TRAIL_INTRA,False,17,2.0,1.5,0.5,False,False
039490,키움증권,2024-07-04,2024-07-19,136000.0,80,10892513.632,10743274.643328002,-149238.98867199756,-0.013701060536987867,TRAIL_INTRA,False,15,2.0,1.5,0.5,False,False
011780,금호석유화학,2024-07-11,2024-07-19,164500.0,66,10869487.17855,10110346.065468,-759141.1130819991,-0.06984148383560349,TRAIL_INTRA,False,8,2.0,1.5,0.5,False,False
064350,현대로템,2024-07-15,2024-07-19,42950.0,253,10878847.9324525,10373699.391125398,-505148.5413271021,-0.046434010702567356,TRAIL_INTRA,False,4,2.0,1.5,0.5,False,False
089860,롯데렌탈,2024-06-20,2024-07-23,30400.0,375,11413111.71,11515950.022499999,102838.31249999814,0.009010541131380737,MA20_EXIT,False,33,2.0,1.5,0.5,False,False
087010,펩트론,2024-07-19,2024-07-24,78499.0,67,5265482.136864951,5235323.76903663,-30158.367828320712,-0.005727560562246423,TRAIL_INTRA,False,5,1.0,0.5,0.5,False,False
267260,HD현대일렉트릭,2024-07-23,2024-07-25,346000.0,30,10391938.557,10305728.36559,-86210.1914099995,-0.00829587193353144,TRAIL_INTRA,False,2,2.0,1.5,0.5,False,False
010120,LS ELECTRIC,2024-07-23,2024-07-25,51800.0,205,10631213.442850001,10199342.922525,-431870.52032500133,-0.04062288116465716,TRAIL_GAP,False,2,2.0,1.5,0.5,False,False
064350,현대로템,2024-07-23,2024-07-25,46350.0,230,10672761.174075,10190150.103546,-482611.07052900083,-0.04521895155878707,TRAIL_INTRA,False,2,2.0,1.5,0.5,False,False
272210,한화시스템,2024-07-24,2024-07-25,22250.0,482,10736834.783675,9837452.946752999,-899381.8369220011,-0.08376601252069941,TRAIL_INTRA,False,1,2.0,1.5,0.5,False,False
316140,우리금융지주,2024-07-26,2024-07-30,16180.0,653,10577691.955831,10158852.24401472,-418839.7118162811,-0.03959651250624611,TRAIL_INTRA,False,4,2.0,1.5,0.5,False,False
055550,신한지주,2024-07-03,2024-07-31,51100.0,213,10896818.577645,12813645.0410874,1916826.4634424,0.17590698145372455,TRAIL_INTRA,True,28,2.0,1.5,0.5,False,True
000100,유한양행,2024-07-12,2024-07-31,94900.0,114,10831043.01279,10498909.1750064,-332133.8377835993,-0.030664991117789305,TRAIL_INTRA,False,19,2.0,1.5,0.5,False,False
069620,대웅제약,2024-07-24,2024-07-31,128800.0,83,10702695.56356,10186847.8674876,-515847.6960723996,-0.048197922944639475,TRAIL_INTRA,False,7,2.0,1.5,0.5,False,False
329180,HD현대중공업,2024-07-26,2024-08-01,207500.0,50,10386932.806249999,10136030.1237,-250902.68254999816,-0.02415560851602175,TRAIL_INTRA,False,6,2.0,1.5,0.5,False,False
196170,알테오젠,2024-07-30,2024-08-02,320500.0,16,5133897.969199999,4821264.645264001,-312633.3239359986,-0.060895897388610426,TRAIL_INTRA,False,3,1.0,0.5,0.5,False,False
010140,삼성중공업,2024-07-26,2024-08-02,11870.0,891,10588334.181925502,9905717.50438248,-682616.6775430217,-0.06446875077934941,TRAIL_INTRA,False,7,2.0,1.5,0.5,False,False
207940,삼성바이오로직스,2024-07-24,2024-08-05,1299550.0,8,10408357.419459999,10368096.59727965,-40260.82218034938,-0.003868124484760264,TRAIL_INTRA,False,12,2.0,1.5,0.5,False,False
009540,HD한국조선해양,2024-07-26,2024-08-05,198800.0,53,10548518.44046,10061450.63784,-487067.8026199993,-0.04617404855186082,TRAIL_GAP,False,10,2.0,1.5,0.5,False,False
225570,넥슨게임즈,2024-08-01,2024-08-05,28800.0,182,5247628.62624,4899876.2092098,-347752.41703020036,-0.06626848845425441,TRAIL_INTRA,False,4,1.0,0.5,0.5,False,False
006280,녹십자,2024-08-01,2024-08-05,144400.0,72,10408757.879519999,9635924.8184112,-772833.0611087997,-0.07424834644577581,TRAIL_INTRA,False,4,2.0,1.5,0.5,False,False
081660,미스토홀딩스,2024-08-01,2024-08-05,44450.0,236,10502265.30353,9622532.4166188,-879732.8869112004,-0.08376601252069935,TRAIL_INTRA,False,4,2.0,1.5,0.5,False,False
145020,휴젤,2024-08-07,2024-08-12,255000.0,19,4850572.476749999,4705686.38322,-144886.09352999926,-0.029869895610152068,TRAIL_INTRA,False,5,1.0,0.5,0.5,False,False
096530,씨젠,2024-08-19,2024-08-21,34450.0,148,5104464.15479,4676883.5464884,-427580.60830160044,-0.0837660125206994,TRAIL_INTRA,False,2,1.0,0.5,0.5,False,False
137310,에스디바이오센서,2024-08-19,2024-08-21,14850.0,687,10213683.7727925,9358124.2099983,-855559.5627941992,-0.08376601252069925,TRAIL_INTRA,False,2,2.0,1.5,0.5,False,False
326030,SK바이오팜,2024-08-16,2024-08-22,105600.0,96,10149259.76064,9757006.8072192,-392252.9534208011,-0.038648429803915675,TRAIL_INTRA,False,6,2.0,1.5,0.5,False,False
214450,파마리서치,2024-08-07,2024-08-22,166900.0,30,5012758.801050001,5250555.3328559995,237796.53180599865,0.047438255308870726,TRAIL_INTRA,False,15,1.0,0.5,0.5,False,False
294870,IPARK현대산업개발,2024-08-21,2024-08-28,25050.0,406,10181997.370545,10502211.4110648,320214.04051980004,0.03144903979705706,TRAIL_INTRA,False,7,2.0,1.5,0.5,False,False
259960,크래프톤,2024-08-13,2024-08-28,331000.0,23,7621756.091949999,7489654.83801,-132101.25393999927,-0.01733212823216987,TRAIL_INTRA,False,15,1.5,1.0,0.5,False,False
000100,유한양행,2024-08-23,2024-08-30,106600.0,95,10138647.569050001,12632420.8786554,2493773.309605399,0.24596705750164147,TRAIL_INTRA,True,7,2.0,1.5,0.5,False,True
237690,에스티팜,2024-08-26,2024-08-30,114500.0,45,5158426.147875,4986376.448183999,-172049.6996910004,-0.03335313810044093,TRAIL_INTRA,False,4,1.0,0.5,0.5,False,False
006280,녹십자,2024-08-07,2024-09-03,148500.0,51,7582210.661024999,8303747.755185,721537.0941600008,0.09516183688603293,TRAIL_INTRA,False,27,1.5,1.0,0.5,False,False
064350,현대로템,2024-08-13,2024-09-04,52800.0,144,7611944.82048,7250561.7804,-361383.04008000065,-0.047475782944155956,TRAIL_GAP,False,22,1.5,1.0,0.5,False,False
195940,HK이노엔,2024-08-30,2024-09-05,48000.0,107,5141907.170399999,4828969.8627336,-312937.3076663995,-0.060860162833716716,TRAIL_INTRA,False,6,1.0,0.5,0.5,False,False
029780,삼성카드,2024-08-23,2024-09-09,44850.0,227,10192659.6196425,9578319.144948,-614340.4746944997,-0.06027283335456338,TRAIL_INTRA,False,17,2.0,1.5,0.5,False,False
161890,한국콜마,2024-09-10,2024-09-12,76200.0,100,7628764.143000001,7108980.4035,-519783.7395000011,-0.06813472402039641,TRAIL_INTRA,False,2,1.5,1.0,0.5,False,False
033780,KT&G,2024-08-09,2024-09-20,100600.0,75,7553677.88175,7993864.009125,440186.12737500016,0.058274410726264644,MA20_EXIT,False,42,1.5,1.0,0.5,False,False
010130,고려아연,2024-09-13,2024-09-24,666000.0,11,7334425.9989,7597894.797702,263468.79880199954,0.035922211068938996,TRAIL_INTRA,False,11,1.5,1.0,0.5,False,False
196170,알테오젠,2024-09-19,2024-09-25,350000.0,14,4905635.734999999,4668077.5836660005,-237558.1513339989,-0.04842555871792607,TRAIL_INTRA,False,6,1.0,0.5,0.5,False,False
141080,리가켐바이오,2024-09-20,2024-09-27,104900.0,48,5040991.23528,4706787.1285728,-334204.1067071995,-0.06629729969935888,TRAIL_INTRA,False,7,1.0,0.5,0.5,False,False
000100,유한양행,2024-09-20,2024-09-27,145400.0,52,7569496.05412,7646144.1356664,76648.08154639974,0.010125916044923619,TRAIL_INTRA,False,7,1.5,1.0,0.5,False,False
180640,한진칼,2024-09-25,2024-09-30,87900.0,86,7568094.44391,7257581.026128,-310513.41778200027,-0.041029273628035726,TRAIL_INTRA,False,5,1.5,1.0,0.5,False,False
035250,강원랜드,2024-09-05,2024-10-02,17730.0,434,7703670.197223,7256723.561450999,-446946.635772001,-0.058017363714910224,MA20_EXIT,False,27,1.5,1.0,0.5,False,False
051980,중앙첨단소재,2024-10-10,2024-10-14,14840.0,340,5051403.19684,4971332.9283624,-80070.26847760007,-0.015851094311317204,TRAIL_INTRA,False,4,1.0,0.5,0.5,False,False
014820,동원시스템즈,2024-10-10,2024-10-14,53600.0,141,7566292.373639999,7010096.7793068,-556195.5943331989,-0.0735096619145876,TRAIL_INTRA,False,4,1.5,1.0,0.5,False,False
298380,에이비엘바이오,2024-10-11,2024-10-18,40500.0,124,5027776.0533,4925101.623544799,-102674.42975520063,-0.020421440546821865,TRAIL_INTRA,False,7,1.0,0.5,0.5,False,False
010130,고려아연,2024-10-04,2024-10-21,776000.0,9,6992032.6476,6918184.542348,-73848.10525199957,-0.01056175063446647,TRAIL_INTRA,False,17,1.5,1.0,0.5,False,False
141080,리가켐바이오,2024-10-10,2024-10-23,123300.0,40,4937672.5398,5122135.041696,184462.50189599954,0.037358188581592566,TRAIL_INTRA,False,13,1.0,0.5,0.5,False,False
069620,대웅제약,2024-10-11,2024-10-23,161100.0,47,7580408.590755,7087699.326679201,-492709.2640757989,-0.06499771854998725,TRAIL_INTRA,False,12,1.5,1.0,0.5,False,False
009420,한올바이오파마,2024-10-14,2024-10-23,46650.0,161,7519288.3740975,7679533.411368,160245.03727050032,0.02131119719021731,TRAIL_INTRA,False,9,1.5,1.0,0.5,False,False
326030,SK바이오팜,2024-10-15,2024-10-23,125900.0,60,7562688.2331,7154844.7932,-407843.43989999965,-0.0539283687664091,TRAIL_INTRA,False,8,1.5,1.0,0.5,False,False
009450,경동나비엔,2024-10-10,2024-10-28,76900.0,98,7544867.76043,8459044.5787092,914176.8182792002,0.12116538649937837,TRAIL_INTRA,False,18,1.5,1.0,0.5,False,False
316140,우리금융지주,2024-10-25,2024-10-29,17080.0,443,7575142.540966,7106856.6828465,-468285.8581195008,-0.061818752001963496,MA20_EXIT,False,4,1.5,1.0,0.5,False,False
026960,동서,2024-10-29,2024-10-31,23550.0,319,7521090.444367499,8383414.200093901,862323.7557264017,0.11465408667863992,TRAIL_INTRA,False,2,1.5,1.0,0.5,False,False
145020,휴젤,2024-11-06,2024-11-07,321000.0,15,4820537.97225,4416740.7281100005,-403797.24413999915,-0.08376601252069915,TRAIL_INTRA,False,1,1.0,0.5,0.5,False,False
140860,파크시스템스,2024-10-15,2024-11-12,202500.0,25,5068322.634374999,5136811.6464,68489.01202500053,0.013513151582041354,TRAIL_INTRA,False,28,1.0,0.5,0.5,False,False
042660,한화오션,2024-11-08,2024-11-12,36200.0,210,7610743.4403,7580007.685719,-30735.754580999725,-0.00403846941131262,TRAIL_INTRA,False,4,1.5,1.0,0.5,False,False
079550,LIG디펜스앤에어로스페이스,2024-11-06,2024-11-13,259500.0,29,7534155.453825,7222265.446059,-311890.007766,-0.04139681078755247,TRAIL_INTRA,False,7,1.5,1.0,0.5,False,False
196170,알테오젠,2024-11-08,2024-11-13,437000.0,11,4812528.77105,4596070.491837,-216458.2792130001,-0.044978074835648856,TRAIL_INTRA,False,5,1.0,0.5,0.5,False,False
017800,현대엘리베이터,2024-11-08,2024-11-13,50800.0,149,7577905.71538,7079810.6516508,-498095.0637291996,-0.065729910404965,TRAIL_INTRA,False,5,1.5,1.0,0.5,False,False
272210,한화시스템,2024-11-11,2024-11-13,26250.0,292,7673815.89975,7606884.2180832,-66931.68166679982,-0.008722085927156571,TRAIL_INTRA,False,2,1.5,1.0,0.5,False,False
047810,한국항공우주,2024-10-29,2024-11-15,57800.0,130,7522642.2271,8418867.373332,896225.1462319996,0.11913701584841913,TRAIL_INTRA,False,17,1.5,1.0,0.5,False,False
042660,한화오션,2024-11-14,2024-11-18,39200.0,128,5023370.99264,4819796.9847936,-203574.00784640014,-0.04052537790751806,TRAIL_INTRA,False,4,1.0,0.5,0.5,False,False
033780,KT&G,2024-11-08,2024-11-18,119500.0,63,7537158.904275,7217862.4646478,-319296.43962720037,-0.04236297040866402,TRAIL_INTRA,False,10,1.5,1.0,0.5,False,False
017800,현대엘리베이터,2024-11-15,2024-12-03,51700.0,97,5020667.887235,4956014.2222026,-64653.66503239982,-0.012877502851120893,TRAIL_INTRA,False,18,1.0,0.5,0.5,False,False
950160,코오롱티슈진,2024-12-02,2024-12-04,19700.0,254,5009555.120569999,4778850.055311001,-230705.06525899842,-0.04605300464939255,TRAIL_GAP,False,2,1.0,0.5,0.5,False,False
032830,삼성생명,2024-11-18,2024-12-05,108800.0,45,4901631.1344,4693123.52865,-208507.6057500001,-0.042538412220919426,MA20_EXIT,False,17,1.0,0.5,0.5,False,False
032640,LG유플러스,2024-11-20,2024-12-05,10570.0,472,4994778.144356,5199847.663603681,205069.5192476809,0.04105678236768241,TRAIL_INTRA,False,15,1.0,0.5,0.5,False,False
003490,대한항공,2024-11-26,2024-12-05,25250.0,297,7507875.2623875,7124161.516490699,-383713.74589680135,-0.051108167422427395,TRAIL_INTRA,False,9,1.5,1.0,0.5,False,False
138930,BNK금융지주,2024-12-03,2024-12-05,11880.0,421,5007232.452222,4587796.55593512,-419435.89628687967,-0.08376601252069925,TRAIL_INTRA,False,2,1.0,0.5,0.5,False,False
016360,삼성증권,2024-12-03,2024-12-06,50700.0,98,4974314.63529,4557636.1332684,-416678.50202159956,-0.08376601252069923,TRAIL_INTRA,False,3,1.0,0.5,0.5,False,False
017670,SK텔레콤,2024-11-27,2024-12-09,61000.0,123,7511629.575449999,6983954.0771778,-527675.4982721992,-0.0702478061480538,TRAIL_INTRA,False,12,1.5,1.0,0.5,False,False
089860,롯데렌탈,2024-12-05,2024-12-09,33200.0,148,4919251.37704,4860157.6477296,-59093.72931039985,-0.012012748440995018,TRAIL_INTRA,False,4,1.0,0.5,0.5,False,False
005940,NH투자증권,2024-12-03,2024-12-10,14530.0,344,5004068.817748,4664607.842879999,-339460.9748680005,-0.06783699170243813,MA20_EXIT,False,7,1.0,0.5,0.5,False,False
017800,현대엘리베이터,2024-12-13,2024-12-17,57100.0,86,4916247.92659,4772648.392181999,-143599.53440800123,-0.029209172635767475,TRAIL_INTRA,False,4,1.0,0.5,0.5,False,False
950160,코오롱티슈진,2024-12-11,2024-12-17,24700.0,198,4896224.92359,5194417.319863199,298192.39627319947,0.06090251181813753,TRAIL_INTRA,False,6,1.0,0.5,0.5,False,False
018290,브이티,2024-12-10,2024-12-19,42550.0,115,4898877.9714875,4641476.23764,-257401.73384749983,-0.0525429976712284,TRAIL_INTRA,False,9,1.0,0.5,0.5,False,False
026960,동서,2024-12-11,2024-12-19,31150.0,157,4896174.866082501,4523923.812735,-372251.053347501,-0.07602895393426672,TRAIL_GAP,False,8,1.0,0.5,0.5,False,False
001530,DI동일,2024-12-12,2024-12-27,42292.0,115,4869173.846537,4951716.728887711,82542.88235071115,0.016952132939228776,TRAIL_INTRA,False,15,1.0,0.5,0.5,False,False
003230,삼양식품,2024-12-19,2025-01-02,750000.0,6,4505175.675,4402981.4112,-102194.26379999984,-0.022683746688745905,TRAIL_INTRA,False,14,1.0,0.5,0.5,False,False
277810,레인보우로보틱스,2025-01-03,2025-01-08,233000.0,20,4665359.698999999,4696114.6844999995,30754.985500000417,0.0065922002769888514,TRAIL_GAP,False,5,1.0,0.5,0.5,False,False
214370,케어젠,2025-01-03,2025-01-08,31750.0,153,4863337.1411625,4743662.0978916,-119675.04327089991,-0.02460759758109091,TRAIL_INTRA,False,5,1.0,0.5,0.5,False,False
082740,한화엔진,2024-12-26,2025-01-09,18810.0,260,4896224.92359,5497305.749442,601080.8258520002,0.12276413670376829,TRAIL_INTRA,False,14,1.0,0.5,0.5,False,False
082740,한화엔진,2025-01-14,2025-01-16,23900.0,205,4905135.159925001,4936154.9414625,31019.78153749928,0.006323940223081146,TRAIL_INTRA,False,2,1.0,0.5,0.5,False,False
086280,현대글로비스,2025-01-02,2025-01-20,133800.0,36,4822340.042520001,4474529.859132,-347810.18338800035,-0.07212477351685176,TRAIL_INTRA,False,18,1.0,0.5,0.5,False,False
010140,삼성중공업,2025-01-15,2025-01-23,13000.0,380,4945681.740999999,4831171.3534392,-114510.38756079972,-0.023153610272068602,TRAIL_INTRA,False,8,1.0,0.5,0.5,False,False
042660,한화오션,2025-01-07,2025-01-23,42900.0,113,4853275.5821549995,5947801.7379066,1094526.1557516009,0.22552318268842225,TRAIL_INTRA,True,16,1.0,0.5,0.5,False,True
009450,경동나비엔,2025-01-06,2025-01-24,100000.0,48,4805520.72,4742010.9798624,-63509.74013759941,-0.013215995484793042,TRAIL_INTRA,False,18,1.0,0.5,0.5,False,False
103590,일진전기,2025-01-22,2025-01-31,33000.0,149,4922655.2875500005,5013924.9935625,91269.70601249952,0.018540746950803523,TRAIL_GAP,False,9,1.0,0.5,0.5,False,False
267270,HD건설기계,2025-01-22,2025-01-31,72700.0,67,4876502.265635,4480308.7722342005,-396193.4934007991,-0.08124542383437369,TRAIL_INTRA,False,9,1.0,0.5,0.5,False,False
267260,HD현대일렉트릭,2025-01-24,2025-01-31,445000.0,11,4900629.98425,4490123.75163,-410506.2326199999,-0.0837660125206993,TRAIL_INTRA,False,7,1.0,0.5,0.5,False,False
267250,HD현대,2025-01-02,2025-02-03,85600.0,56,4799113.3590400005,4584046.04532,-215067.3137200009,-0.04481396825413232,MA20_EXIT,False,32,1.0,0.5,0.5,False,False
267250,HD현대,2025-02-06,2025-02-07,86700.0,56,4860784.208280001,4453615.6974288,-407168.51085120067,-0.08376601252069944,TRAIL_INTRA,False,1,1.0,0.5,0.5,False,False
277810,레인보우로보틱스,2025-02-04,2025-02-10,340000.0,14,4765474.714,5348705.126814,583230.4128140006,0.12238663466214347,TRAIL_INTRA,False,6,1.0,0.5,0.5,False,False
018670,SK가스,2025-02-05,2025-02-10,234500.0,20,4695394.2035,4357117.0215,-338277.18200000003,-0.07204446897085753,MA20_EXIT,False,5,1.0,0.5,0.5,False,False
214370,케어젠,2025-02-06,2025-02-10,33950.0,144,4894422.853320001,4603317.0654096,-291105.7879104009,-0.05947704083494483,TRAIL_INTRA,False,4,1.0,0.5,0.5,False,False
950160,코오롱티슈진,2025-02-11,2025-02-13,35050.0,139,4877553.4732925,4749486.875383501,-128066.59790899884,-0.0262563185847658,TRAIL_INTRA,False,2,1.0,0.5,0.5,False,False
267270,HD건설기계,2025-02-13,2025-02-17,82800.0,59,4890818.71278,4535489.615355,-355329.0974249998,-0.07265227322707828,TRAIL_GAP,False,4,1.0,0.5,0.5,False,False
042660,한화오션,2025-02-12,2025-02-20,72900.0,67,4889917.677645001,4978120.858038,88203.1803929992,0.01803776386588948,TRAIL_INTRA,False,8,1.0,0.5,0.5,False,False
000880,한화,2025-02-11,2025-02-20,32500.0,150,4880606.981249999,6644852.720775,1764245.7395250006,0.3614808048061985,TRAIL_GAP,True,9,1.0,0.5,0.5,False,True
064350,현대로템,2025-02-06,2025-02-21,71500.0,68,4867592.0293,5779088.583343199,911496.5540431999,0.1872582066361631,TRAIL_INTRA,True,15,1.0,0.5,0.5,False,True
012450,한화에어로스페이스,2025-02-11,2025-02-27,490383.0,9,4418523.12606705,5644849.6565313125,1226326.5304642627,0.27754217766329137,TRAIL_INTRA,True,16,1.0,0.5,0.5,False,True
035420,NAVER,2025-02-05,2025-02-28,229000.0,21,4814531.07135,4491220.5087749995,-323310.56257500034,-0.06715307426281573,MA20_EXIT,False,23,1.0,0.5,0.5,False,False
011200,HMM,2025-02-24,2025-02-28,20000.0,502,10051547.506,9877263.237012599,-174284.26898740046,-0.017339048428450066,TRAIL_INTRA,False,4,2.0,1.0,1.0,False,False
207940,삼성바이오로직스,2025-02-07,2025-03-04,1707223.0,2,3418373.1250668997,3269379.2084397,-148993.91662719985,-0.04358620641340431,MA20_EXIT,False,25,1.0,0.5,0.5,False,False
041510,에스엠,2025-02-20,2025-03-04,101400.0,49,4974314.63529,4665704.600025,-308610.0352649996,-0.06204071472994145,TRAIL_GAP,False,12,1.0,0.5,0.5,False,False
253450,스튜디오드래곤,2025-02-20,2025-03-06,49400.0,101,4995138.55841,4854653.920965601,-140484.6374443993,-0.028124272390377274,TRAIL_INTRA,False,14,1.0,0.5,0.5,False,False
310210,보로노이,2025-03-04,2025-03-10,135000.0,36,4865589.728999999,5022701.0448264,157111.31582640018,0.032290292560012146,TRAIL_INTRA,False,6,1.0,0.5,0.5,False,False
009540,HD한국조선해양,2025-03-05,2025-03-10,251000.0,19,4774485.06535,4374545.489585999,-399939.5757640004,-0.08376601252069941,TRAIL_INTRA,False,5,1.0,0.5,0.5,False,False
272210,한화시스템,2025-03-07,2025-03-11,37600.0,133,5006551.67012,4983670.4491917,-22881.220928300172,-0.004570255624217245,TRAIL_INTRA,False,4,1.0,0.5,0.5,False,False
001720,신영증권,2025-02-17,2025-03-11,86400.0,57,4930464.25872,4609072.049265,-321392.20945500024,-0.06518497905883552,MA20_EXIT,False,22,1.0,0.5,0.5,False,False
003230,삼양식품,2025-02-06,2025-03-12,809000.0,6,4859582.8281,5240505.0492,380922.22110000066,0.07838578630605082,MA20_EXIT,False,34,1.0,0.5,0.5,False,False
139480,이마트,2025-03-05,2025-03-12,80300.0,62,4984326.13679,4999035.019741199,14708.882951199077,0.0029510273901683075,TRAIL_INTRA,False,7,1.0,0.5,0.5,False,False
950160,코오롱티슈진,2025-03-12,2025-03-14,46050.0,108,4979120.15601,5151488.251104,172368.095094,0.034618183472825956,TRAIL_INTRA,False,2,1.0,0.5,0.5,False,False
096770,SK이노베이션,2025-03-10,2025-03-17,135700.0,36,4890818.71278,4629734.9538768,-261083.7589031998,-0.053382424137082087,TRAIL_INTRA,False,7,1.0,0.5,0.5,False,False
047810,한국항공우주,2025-03-06,2025-03-18,76400.0,65,4971711.644900001,5828542.360063199,856830.7151631983,0.17234119280472315,TRAIL_INTRA,True,12,1.0,0.5,0.5,False,True
064350,현대로템,2025-03-13,2025-03-20,104000.0,48,4997741.5488,5142682.2882816,144940.7394816,0.029001247476753075,TRAIL_INTRA,False,7,1.0,0.5,0.5,False,False
950160,코오롱티슈진,2025-03-18,2025-03-20,56600.0,132,7479793.00068,7010647.1519832,-469145.84869679995,-0.0627217689920228,TRAIL_INTRA,False,2,1.5,0.5,1.0,False,False
006800,미래에셋증권,2025-03-17,2025-03-31,9877.0,761,7525041.98400955,7078439.70521955,-446602.2787899999,-0.05934880891548699,TRAIL_GAP,False,14,1.5,1.0,0.5,False,False
271560,오리온,2025-03-19,2025-04-07,118300.0,84,9948629.27058,9388639.98198,-559989.2885999996,-0.05628808485767935,TRAIL_GAP,False,19,2.0,1.0,1.0,False,False
007390,네이처셀,2025-03-27,2025-04-07,29100.0,171,4981823.261415,4760586.057690901,-221237.20372409932,-0.04440888247433747,TRAIL_INTRA,False,11,1.0,0.5,0.5,False,False
041510,에스엠,2025-04-04,2025-04-09,115900.0,42,4873398.70017,4465173.5236332,-408225.17653680034,-0.08376601252069939,TRAIL_INTRA,False,5,1.0,0.5,0.5,False,False
006040,동원산업,2025-04-15,2025-04-18,39900.0,124,4953290.48214,5072968.4159376,119677.93379759975,0.02416129928763931,TRAIL_INTRA,False,3,1.0,0.5,0.5,False,False
087010,펩트론,2025-04-18,2025-04-24,180100.0,27,4868292.834404999,4694918.22216,-173374.61224499904,-0.03561302044522324,TRAIL_GAP,False,6,1.0,0.5,0.5,False,False
298380,에이비엘바이오,2025-04-08,2025-04-28,51000.0,96,4901631.1344,6187927.741336799,1286296.6069367994,0.2624221553330436,TRAIL_INTRA,True,20,1.0,0.5,0.5,False,True
007340,DN오토모티브,2025-04-16,2025-04-28,24150.0,206,4980621.881235,4629551.496317999,-351070.3849170003,-0.07048725907897038,TRAIL_INTRA,False,12,1.0,0.5,0.5,False,False
042660,한화오션,2025-04-25,2025-04-29,89900.0,55,4950186.916675,4518639.4374,-431547.4792750003,-0.08717801702018702,TRAIL_GAP,False,4,1.0,0.5,0.5,False,False
329180,HD현대중공업,2025-04-25,2025-05-13,403000.0,12,4841562.125399999,4696114.6844999995,-145447.4408999998,-0.030041428186359017,TRAIL_GAP,False,18,1.0,0.5,0.5,False,False
009540,HD한국조선해양,2025-04-25,2025-05-13,265500.0,18,4784496.566849999,4746964.33395,-37532.232899999246,-0.007844552164598917,TRAIL_GAP,False,18,1.0,0.5,0.5,False,False
017800,현대엘리베이터,2025-04-11,2025-05-16,62800.0,78,4904033.89476,5751211.010821199,847177.1160611995,0.17275107273757123,TRAIL_INTRA,True,35,1.0,0.5,0.5,False,True
021240,코웨이,2025-05-13,2025-05-19,102800.0,73,7513031.18566,6883694.521293599,-629336.6643664008,-0.08376601252069943,TRAIL_INTRA,False,6,1.5,1.0,0.5,False,False
003230,삼양식품,2025-05-16,2025-05-26,1180000.0,8,9450857.416,8791286.217696,-659571.1983039994,-0.06978956186423535,TRAIL_INTRA,False,10,2.0,1.0,1.0,False,False
034020,두산에너빌리티,2025-05-14,2025-05-28,31300.0,240,7520639.9268,9389597.151852,1868957.225052001,0.24851039848243797,TRAIL_INTRA,True,14,1.5,1.0,0.5,False,True
352820,하이브,2025-04-30,2025-05-29,267000.0,18,4811527.6208999995,4666203.126,-145324.49489999935,-0.030203400323163127,TRAIL_GAP,False,29,1.0,0.5,0.5,False,False
006800,미래에셋증권,2025-04-29,2025-05-30,10823.0,458,4962635.2176401,6954843.470450275,1992208.2528101746,0.40144160621129366,TRAIL_INTRA,True,31,1.0,0.5,0.5,False,True
000880,한화,2025-05-28,2025-06-05,67500.0,150,10136645.268749999,13107603.873402001,2970958.6046520025,0.2930909118237662,TRAIL_INTRA,True,8,2.0,1.0,1.0,False,True
003570,SNT다이내믹스,2025-05-20,2025-06-09,39300.0,192,7554278.57184,8936460.9698238,1382182.3979837997,0.18296682930599695,TRAIL_INTRA,True,20,1.5,1.0,0.5,False,True
000720,현대건설,2025-05-29,2025-06-09,66900.0,117,7836302.569095,7630641.9719478,-205660.59714719933,-0.02624459626639336,TRAIL_INTRA,False,11,1.5,1.0,0.5,False,False
323410,카카오뱅크,2025-06-09,2025-06-11,29150.0,368,10739537.889080001,10181894.5134,-557643.3756800015,-0.05192433617157915,TRAIL_GAP,False,2,2.0,1.0,1.0,False,False
257720,실리콘투,2025-06-11,2025-06-12,61800.0,131,8105111.384370001,7426178.5226652,-678932.8617048012,-0.08376601252069946,TRAIL_INTRA,False,1,1.5,1.0,0.5,False,False
051600,한전KPS,2025-06-12,2025-06-17,50300.0,160,8057256.4072,8409694.495392,352438.08819200005,0.04374169945455128,TRAIL_INTRA,False,5,1.5,1.0,0.5,False,False
010140,삼성중공업,2025-05-30,2025-06-19,16900.0,616,10422373.52156,10481664.1644792,59290.64291919954,0.005688785073433545,TRAIL_INTRA,False,20,2.0,1.0,1.0,False,False
017800,현대엘리베이터,2025-06-17,2025-06-23,91200.0,120,10956587.241600001,9870814.305,-1085772.9366000015,-0.09909773113269575,TRAIL_GAP,False,6,2.0,1.5,0.5,False,False
064350,현대로템,2025-05-26,2025-06-24,136600.0,56,7658398.18744,10738393.0769808,3079994.8895408,0.4021722054870538,TRAIL_GAP,True,29,1.5,1.0,0.5,False,True
103140,풍산,2025-06-19,2025-06-24,126500.0,87,11018157.975824999,10721499.028739998,-296658.9470850006,-0.026924550159464187,TRAIL_GAP,False,5,2.0,1.5,0.5,False,False
034020,두산에너빌리티,2025-06-23,2025-06-25,68600.0,164,11263339.64756,10741073.152622402,-522266.4949375987,-0.04636870690929917,TRAIL_INTRA,False,2,2.0,1.5,0.5,False,False
032830,삼성생명,2025-06-05,2025-06-26,120500.0,111,13390883.831325,13582647.280875599,191763.44955059886,0.01432044754969876,TRAIL_INTRA,False,21,2.5,1.0,1.5,False,False
035720,카카오,2025-06-09,2025-06-26,51400.0,208,10703496.48368,13528942.0746408,2825445.590960799,0.263974075692822,TRAIL_INTRA,True,17,2.0,1.0,1.0,False,True
323410,카카오뱅크,2025-06-24,2025-06-26,37000.0,304,11260936.8872,10317653.106912,-943283.7802879997,-0.08376601252069929,TRAIL_INTRA,False,2,2.0,1.5,0.5,False,False
000720,현대건설,2025-06-25,2025-06-26,81100.0,139,11285865.525935,10340493.5729826,-945371.9529523998,-0.0837660125206993,TRAIL_INTRA,False,1,2.0,1.5,0.5,False,False
015760,한국전력,2025-06-24,2025-07-01,34100.0,330,11265942.637950001,12456309.598623,1190366.9606729988,0.10566066231006507,TRAIL_INTRA,False,7,2.0,1.5,0.5,False,False
016360,삼성증권,2025-04-30,2025-07-02,52200.0,95,4964703.593850001,6662245.2949908,1697541.7011407996,0.3419220642383606,TRAIL_INTRA,True,63,1.0,0.5,0.5,False,True
376300,디어유,2025-06-27,2025-07-02,62200.0,178,11084334.00074,10188498.9855168,-895835.0152231995,-0.08081992252880442,TRAIL_INTRA,False,5,2.0,1.5,0.5,False,False
257720,실리콘투,2025-06-30,2025-07-02,61700.0,181,11180544.530155,10476435.6240534,-704108.9061015993,-0.06297626239961303,TRAIL_INTRA,False,2,2.0,1.5,0.5,False,False
000880,한화,2025-07-01,2025-07-02,108800.0,102,11110363.90464,10179693.022694398,-930670.8819456026,-0.08376601252069955,TRAIL_INTRA,False,1,2.0,1.5,0.5,False,False
103590,일진전기,2025-06-27,2025-07-03,37600.0,294,11067114.218160002,11218796.635737602,151682.4175776001,0.013705688274970975,TRAIL_INTRA,False,6,2.0,1.5,0.5,False,False
005940,NH투자증권,2025-04-30,2025-07-07,15350.0,324,4979120.15601,6255210.8010267,1276090.6450167,0.25628838128688397,TRAIL_INTRA,True,68,1.0,0.5,0.5,False,True
004020,현대제철,2025-07-03,2025-07-08,35550.0,306,10890811.676745,10371497.900419801,-519313.7763251979,-0.04768366139633848,TRAIL_INTRA,False,5,2.0,1.5,0.5,False,False
001720,신영증권,2025-07-08,2025-07-10,142000.0,76,10804412.418799998,12199927.6602,1395515.2414000016,0.1291616042878707,TRAIL_INTRA,False,2,2.0,1.5,0.5,False,False
007660,이수페타시스,2025-07-08,2025-07-11,58800.0,185,10890511.3317,10470381.524613,-420129.80708700046,-0.03857760157359099,TRAIL_INTRA,False,3,2.0,1.5,0.5,False,False
004990,롯데지주,2025-07-09,2025-07-14,35200.0,315,11100752.863200001,10430938.149471,-669814.7137290016,-0.06033957534083097,TRAIL_INTRA,False,5,2.0,1.5,0.5,False,False
088350,한화생명,2025-07-10,2025-07-16,4200.0,2633,11071319.04879,10518277.70677671,-553041.3420132902,-0.04995261536372514,TRAIL_INTRA,False,6,2.0,1.5,0.5,False,False
002380,KCC,2025-07-16,2025-07-18,388000.0,28,10876495.2296,10453411.700423999,-423083.5291760005,-0.03889888426784702,TRAIL_INTRA,False,2,2.0,1.5,0.5,False,False
039030,이오테크닉스,2025-07-11,2025-07-22,214000.0,51,10926552.7371,10713004.146126,-213548.59097399935,-0.01954400405252398,TRAIL_INTRA,False,11,2.0,1.5,0.5,False,False
032830,삼성생명,2025-07-14,2025-07-22,140700.0,78,10987222.436189998,10217118.3646896,-770104.0715003982,-0.07009087837921707,TRAIL_INTRA,False,8,2.0,1.5,0.5,False,False
139130,iM금융지주,2025-04-29,2025-07-24,10190.0,487,4968237.6538795,6718963.193397719,1750725.5395182194,0.35238361396644285,TRAIL_INTRA,True,86,1.0,0.5,0.5,False,True
030200,KT,2025-06-27,2025-07-24,54400.0,203,11055901.336480001,11435687.340525,379786.00404499844,0.03435142848026857,MA20_EXIT,False,27,2.0,1.5,0.5,False,False
214370,케어젠,2025-07-22,2025-07-24,59000.0,184,10868486.028399998,10768224.871324798,-100261.15707520023,-0.009224942352891827,TRAIL_INTRA,False,2,2.0,1.5,0.5,False,False
034230,파라다이스,2025-07-07,2025-07-25,16790.0,809,13598732.613966499,14789770.499145783,1191037.885179285,0.08758447709722864,TRAIL_INTRA,False,18,2.5,1.5,1.0,False,False
035250,강원랜드,2025-07-04,2025-07-25,19790.0,549,10877206.0462065,10646570.5746975,-230635.4715090003,-0.02120355820504439,MA20_EXIT,False,21,2.0,1.5,0.5,False,False
214450,파마리서치,2025-07-08,2025-07-28,588000.0,18,10596173.1876,9870814.305,-725358.8826000001,-0.0684547968174812,TRAIL_GAP,False,20,2.0,1.5,0.5,False,False
141080,리가켐바이오,2025-07-18,2025-07-28,147400.0,74,10920145.37614,10290501.388209598,-629643.9879304022,-0.05765893825059732,TRAIL_INTRA,False,10,2.0,1.5,0.5,False,False
298380,에이비엘바이오,2025-07-24,2025-07-28,88600.0,122,10821632.20138,9915147.2229048,-906484.9784752,-0.08376601252069932,TRAIL_INTRA,False,4,2.0,1.5,0.5,False,False
071970,HD현대마린엔진,2025-07-22,2025-07-31,57500.0,189,10879999.255125,11997023.6001672,1117024.3450422008,0.10266768580117586,TRAIL_INTRA,False,9,2.0,1.5,0.5,False,False
298040,효성중공업,2025-07-28,2025-07-31,1286000.0,8,10299832.743199999,9525116.452896,-774716.2903039977,-0.07521639521918153,TRAIL_INTRA,False,3,2.0,1.5,0.5,False,False
267270,HD건설기계,2025-07-24,2025-08-01,94600.0,114,10796803.67766,10070168.8600908,-726634.8175692,-0.06730091972244549,TRAIL_INTRA,False,8,2.0,1.5,0.5,False,False
082740,한화엔진,2025-07-25,2025-08-01,35650.0,301,10742991.8570975,10119197.8926801,-623793.9644173998,-0.05806519940767545,TRAIL_INTRA,False,7,2.0,1.5,0.5,False,False
329180,HD현대중공업,2025-07-28,2025-08-01,464500.0,23,10695787.627525,10823078.681406,127291.05388100073,0.011901045375417184,TRAIL_INTRA,False,4,2.0,1.5,0.5,False,False
017960,한국카본,2025-07-29,2025-08-01,30350.0,354,10756257.096585,10212440.1969402,-543816.8996447995,-0.05055819089871474,TRAIL_INTRA,False,3,2.0,1.5,0.5,False,False
007390,네이처셀,2025-07-30,2025-08-01,36900.0,290,10713307.75515,10467629.661231,-245678.09391899966,-0.022932048582371734,TRAIL_INTRA,False,2,2.0,1.5,0.5,False,False
042660,한화오션,2025-07-28,2025-08-04,97600.0,109,10650635.75576,11798155.606428001,1147519.850668002,0.10774191109177765,TRAIL_INTRA,False,7,2.0,1.5,0.5,False,False
100090,SK오션플랜트,2025-08-04,2025-08-11,22150.0,476,10555526.49151,9824152.27374,-731374.2177700009,-0.06928827456955922,TRAIL_INTRA,False,7,2.0,1.5,0.5,False,False
015760,한국전력,2025-08-06,2025-08-11,41150.0,255,10505318.8114875,9929411.0481015,-575907.763386,-0.054820588857926754,TRAIL_INTRA,False,5,2.0,1.5,0.5,False,False
278470,에이피알,2025-08-06,2025-08-12,208500.0,50,10436990.313749999,10961589.1383,524598.824550001,0.050263419700493445,TRAIL_INTRA,False,6,2.0,1.5,0.5,False,False
010120,LS ELECTRIC,2025-08-05,2025-08-13,65800.0,160,10540108.779199999,9701235.709344,-838873.0698559992,-0.07958865391517052,TRAIL_INTRA,False,8,2.0,1.5,0.5,False,False
033780,KT&G,2025-08-08,2025-08-14,147200.0,71,10463220.44768,9586758.1926528,-876462.255027201,-0.08376601252069941,TRAIL_INTRA,False,6,2.0,1.5,0.5,False,False
034220,LG디스플레이,2025-08-13,2025-08-14,13290.0,776,10324901.542956,9460025.711033762,-864875.8319222387,-0.08376601252069919,TRAIL_INTRA,False,1,2.0,1.5,0.5,False,False
034230,파라다이스,2025-08-08,2025-08-19,21650.0,487,10555676.6640325,9784120.6379475,-771556.0260850005,-0.07309394278000261,TRAIL_GAP,False,11,2.0,1.5,0.5,False,False
214450,파마리서치,2025-08-08,2025-08-20,664000.0,15,9971455.493999999,9604003.20318,-367452.29081999883,-0.03685041677627718,TRAIL_INTRA,False,12,2.0,1.5,0.5,False,False
122870,와이지엔터테인먼트,2025-08-11,2025-08-25,104300.0,100,10441996.064499998,10071819.978120001,-370176.08637999743,-0.03545070157979636,TRAIL_INTRA,False,14,2.0,1.5,0.5,False,False
108490,로보티즈,2025-08-25,2025-08-27,98064.0,103,10112209.195888799,9991989.338695973,-120219.85719282553,-0.011888584864492508,TRAIL_INTRA,False,2,2.0,1.5,0.5,False,False
347850,디앤디파마텍,2025-08-29,2025-09-01,39389.0,256,10095181.6341376,9249548.522973698,-845633.111163903,-0.08376601252069922,TRAIL_INTRA,False,3,2.0,1.5,0.5,False,False
240810,원익IPS,2025-08-13,2025-09-01,40900.0,252,10318654.36602,9881941.404762,-436712.96125799976,-0.04232266589877494,TRAIL_INTRA,False,19,2.0,1.5,0.5,False,False
097230,HJ중공업,2025-09-01,2025-09-03,21250.0,468,9956438.241749998,9729033.51771,-227404.7240399979,-0.022839967317471958,TRAIL_GAP,False,2,2.0,1.5,0.5,False,False
329180,HD현대중공업,2025-08-27,2025-09-08,521000.0,19,9910385.334849998,9324230.42601,-586154.9088399988,-0.05914552149438402,TRAIL_INTRA,False,12,2.0,1.5,0.5,False,False
082740,한화엔진,2025-08-29,2025-09-09,47500.0,212,10081582.010499999,9237088.08558,-844493.9249199983,-0.08376601252069915,TRAIL_INTRA,False,11,2.0,1.5,0.5,False,False
347850,디앤디파마텍,2025-09-02,2025-09-09,39314.0,253,9957881.9002663,9896091.486272242,-61790.41399405897,-0.006205176423352291,TRAIL_INTRA,False,7,2.0,1.5,0.5,False,False
140410,메지온,2025-09-02,2025-09-10,48550.0,205,9964197.1554125,10549268.274897,585071.1194844991,0.05871733671655538,TRAIL_INTRA,False,8,2.0,1.5,0.5,False,False
017960,한국카본,2025-09-03,2025-09-12,33750.0,293,9900123.545812499,9635236.852565698,-264886.69324680045,-0.026755897744209545,TRAIL_INTRA,False,9,2.0,1.5,0.5,False,False
097230,HJ중공업,2025-09-10,2025-09-12,33100.0,302,10007697.12943,9501817.3429284,-505879.7865015995,-0.050549070376434586,TRAIL_INTRA,False,2,2.0,1.5,0.5,False,False
012330,현대모비스,2025-08-29,2025-09-16,318500.0,31,9884856.006025,9535306.323825,-349549.6821999997,-0.03536214204708119,MA20_EXIT,False,18,2.0,1.5,0.5,False,False
004370,농심,2025-09-12,2025-09-17,522000.0,19,9929407.1877,9149945.74515,-779461.4425499998,-0.07850029994897918,TRAIL_INTRA,False,5,2.0,1.5,0.5,False,False
336260,두산퓨얼셀,2025-09-12,2025-09-19,32750.0,304,9967450.8934,9745999.3536912,-221451.5397088006,-0.02221746985033414,TRAIL_INTRA,False,7,2.0,1.5,0.5,False,False
047810,한국항공우주,2025-09-17,2025-09-22,115000.0,86,9901374.983499998,9071976.28266,-829398.7008399982,-0.08376601252069915,TRAIL_INTRA,False,5,2.0,1.5,0.5,False,False
009540,HD한국조선해양,2025-08-28,2025-09-22,408500.0,24,9815276.0706,9642529.290528,-172746.78007199988,-0.017599788210688607,TRAIL_INTRA,False,25,2.0,1.5,0.5,False,False
010140,삼성중공업,2025-08-27,2025-09-23,22000.0,461,10153664.8213,9721406.070292499,-432258.75100750104,-0.04257169786624469,MA20_EXIT,False,27,2.0,1.5,0.5,False,False
007660,이수페타시스,2025-09-08,2025-09-24,69100.0,146,10100203.40329,10700529.0321276,600325.6288376004,0.05943698407519721,TRAIL_INTRA,False,16,2.0,1.5,0.5,False,False
108490,로보티즈,2025-09-19,2025-09-24,132635.0,74,9826278.7107485,11490251.526955765,1663972.8162072655,0.16933906163145207,TRAIL_INTRA,True,5,2.0,1.5,0.5,False,True
196170,알테오젠,2025-09-22,2025-09-24,507000.0,19,9644079.394949999,8836233.319602001,-807846.0753479972,-0.08376601252069904,TRAIL_INTRA,False,2,2.0,1.5,0.5,False,False
000250,삼천당제약,2025-09-22,2025-09-24,257000.0,38,9777232.364899999,9359087.362182,-418145.0027179979,-0.042767215415594216,TRAIL_INTRA,False,2,2.0,1.5,0.5,False,False
353200,대덕전자,2025-09-09,2025-09-26,25300.0,393,9954335.826435,10526427.808826398,572091.9823913984,0.05747163772314529,TRAIL_INTRA,False,17,2.0,1.5,0.5,False,False
267260,HD현대일렉트릭,2025-09-10,2025-09-26,560000.0,17,9530949.428,9730588.918752,199639.49075200036,0.020946443191220798,TRAIL_INTRA,False,16,2.0,1.5,0.5,False,False
128940,한미약품,2025-09-23,2025-09-30,384500.0,25,9623555.816875,9092615.258025,-530940.5588499997,-0.05517093358766519,TRAIL_INTRA,False,7,2.0,1.5,0.5,False,False
240810,원익IPS,2025-10-02,2025-10-13,56700.0,173,9820381.936365,9362756.513358,-457625.42300700024,-0.046599554474801776,TRAIL_INTRA,False,11,2.0,1.5,0.5,False,False
108490,로보티즈,2025-10-10,2025-10-14,191300.0,51,9767521.208445,9295519.3180578,-472001.8903871998,-0.04832361049588579,TRAIL_INTRA,False,4,2.0,1.5,0.5,False,False
267250,HD현대,2025-10-02,2025-10-14,164400.0,59,9710755.99494,8897324.686682401,-813431.3082575984,-0.08376601252069917,TRAIL_INTRA,False,12,2.0,1.5,0.5,False,False
082740,한화엔진,2025-10-01,2025-10-14,49550.0,198,9822184.006634999,8999418.8181546,-822765.1884803995,-0.08376601252069928,TRAIL_INTRA,False,13,2.0,1.5,0.5,False,False
034220,LG디스플레이,2025-09-16,2025-10-14,13310.0,749,9980656.063878499,10731698.47136772,751042.4074892215,0.0752498034881051,TRAIL_INTRA,False,28,2.0,1.5,0.5,False,False
402340,SK스퀘어,2025-10-02,2025-10-14,238000.0,41,9769223.1637,9590243.88627,-178979.27742999978,-0.01832072770074925,TRAIL_INTRA,False,12,2.0,1.5,0.5,False,False
319400,현대무벡스,2025-10-14,2025-10-16,10430.0,923,9637962.3675335,11446458.29333046,1808495.9257969614,0.18764297439976235,TRAIL_INTRA,True,2,2.0,1.5,0.5,False,True
160190,하이젠알앤엠,2025-10-15,2025-10-17,69000.0,145,10016507.25075,9093612.309975,-922894.9407749996,-0.09213740056005017,TRAIL_GAP,False,2,2.0,1.5,0.5,False,False
017960,한국카본,2025-10-15,2025-10-17,38450.0,261,10046992.2728175,9408896.0893962,-638096.1834213007,-0.06351116494313358,TRAIL_INTRA,False,2,2.0,1.5,0.5,False,False
062040,산일전기,2025-10-16,2025-10-21,138500.0,90,12479336.619749999,11508292.663524,-971043.9562259987,-0.07781214545404673,TRAIL_INTRA,False,5,2.5,1.5,1.0,False,False
042700,한미반도체,2025-10-13,2025-10-22,128000.0,76,9739188.6592,11367285.5885472,1628096.9293472003,0.16716966744547446,TRAIL_INTRA,True,9,2.0,1.5,0.5,False,True
034020,두산에너빌리티,2025-10-10,2025-10-22,74500.0,133,9919896.261274999,10333338.728189401,413442.4669144023,0.04167810388586289,TRAIL_INTRA,False,12,2.0,1.5,0.5,False,False
006800,미래에셋증권,2025-10-20,2025-10-22,25141.0,395,9942116.788854249,9181408.7164842,-760708.0723700486,-0.0765136930621104,TRAIL_INTRA,False,2,2.0,1.5,0.5,False,False
071320,지역난방공사,2025-10-22,2025-10-24,101600.0,97,9866534.95828,9040054.6674288,-826480.2908512,-0.0837660125206993,TRAIL_INTRA,False,2,2.0,1.5,0.5,False,False
042660,한화오션,2025-10-22,2025-10-28,132400.0,75,9941420.989500001,9872309.882925,-69111.10657500103,-0.006951833812087354,TRAIL_INTRA,False,6,2.0,1.5,0.5,False,False
329180,HD현대중공업,2025-10-21,2025-10-29,563000.0,17,9582008.085649999,9980091.198719999,398083.11306999996,0.041544852551958146,TRAIL_INTRA,False,8,2.0,1.5,0.5,False,False
373220,LG에너지솔루션,2025-10-24,2025-10-30,492000.0,20,9851317.476,9668213.34876,-183104.1272400003,-0.018586765443919826,TRAIL_INTRA,False,6,2.0,1.5,0.5,False,False
001440,대한전선,2025-10-28,2025-10-30,19970.0,510,10196413.932705,10245187.371186,48773.43848099932,0.0047833913768995295,TRAIL_INTRA,False,2,2.0,1.5,0.5,False,False
051910,LG화학,2025-10-22,2025-10-31,391000.0,25,9786242.716249999,9711784.518975,-74458.19727499783,-0.007608456016665153,TRAIL_INTRA,False,9,2.0,1.5,0.5,False,False
034020,두산에너빌리티,2025-10-29,2025-10-31,96400.0,108,10423174.441680001,9550066.6808928,-873107.7607872002,-0.08376601252069933,TRAIL_INTRA,False,2,2.0,1.5,0.5,False,False
004800,효성,2025-10-14,2025-11-04,96000.0,100,9611041.44,14136082.900866002,4525041.460866002,0.4708169753626619,TRAIL_INTRA,True,21,2.0,1.5,0.5,False,True
347850,디앤디파마텍,2025-10-31,2025-11-05,69569.0,145,10099107.14387575,10235133.896963758,136026.7530880086,0.013469186052798468,TRAIL_INTRA,False,5,2.0,1.5,0.5,False,False
277810,레인보우로보틱스,2025-10-31,2025-11-05,436500.0,23,10051046.930924999,10738688.204357998,687641.2734329998,0.06841489032523264,TRAIL_INTRA,False,5,2.0,1.5,0.5,False,False
042660,한화오션,2025-10-30,2025-11-05,141000.0,72,10163676.3228,9510439.848191999,-653236.4746080004,-0.06427167236156531,TRAIL_INTRA,False,6,2.0,1.5,0.5,False,False
103590,일진전기,2025-10-30,2025-11-05,59100.0,172,10176891.50478,10712820.6885672,535929.1837872006,0.05266138324610017,TRAIL_INTRA,False,6,2.0,1.5,0.5,False,False
000150,두산,2025-10-17,2025-11-05,697000.0,14,9769223.1637,12699570.333384,2930347.1696840003,0.2999570304190041,TRAIL_GAP,True,19,2.0,1.5,0.5,False,True
005930,삼성전자,2025-10-02,2025-11-05,89000.0,110,9801259.9685,11385216.570816,1583956.6023160014,0.16160744714522787,TRAIL_GAP,True,34,2.0,1.5,0.5,False,True
015760,한국전력,2025-10-17,2025-11-05,42700.0,230,9832295.62315,9863137.004985,30841.381834998727,0.003136742732021109,TRAIL_INTRA,False,19,2.0,1.5,0.5,False,False
353200,대덕전자,2025-11-05,2025-11-07,43200.0,237,10250175.695759999,10185059.1562893,-65116.539470698684,-0.006352724226730499,TRAIL_INTRA,False,2,2.0,1.5,0.5,False,False
009970,영원무역홀딩스,2025-11-06,2025-11-07,156900.0,65,10210229.804775001,9354959.567109,-855270.2376660015,-0.08376601252069946,TRAIL_INTRA,False,1,2.0,1.5,0.5,False,False
196170,알테오젠,2025-11-04,2025-11-10,549000.0,24,13191154.376399998,12394392.672527999,-796761.7038719989,-0.060401211382793585,TRAIL_INTRA,False,6,2.5,1.5,1.0,False,False
009420,한올바이오파마,2025-11-06,2025-11-10,47350.0,218,10334172.193345,9498515.106870001,-835657.0864749979,-0.08086347612952921,TRAIL_INTRA,False,4,2.0,1.5,0.5,False,False
004800,효성,2025-11-11,2025-11-12,164300.0,62,10198316.11799,9344043.842360402,-854272.2756295986,-0.08376601252069918,TRAIL_INTRA,False,1,2.0,1.5,0.5,False,False
071320,지역난방공사,2025-11-07,2025-11-14,108600.0,93,10111416.28497,9921663.95445,-189752.3305200003,-0.018766147607042497,TRAIL_GAP,False,7,2.0,1.5,0.5,False,False
000990,DB하이텍,2025-11-10,2025-11-14,61800.0,163,10084985.921009999,10628773.19739,543787.2763800006,0.05392047947703441,TRAIL_GAP,False,4,2.0,1.5,0.5,False,False
226950,올릭스,2025-11-12,2025-11-18,139000.0,73,10158670.57205,9957250.7326494,-201419.83940059878,-0.019827381739769584,TRAIL_INTRA,False,6,2.0,1.5,0.5,False,False
000240,한국앤컴퍼니,2025-11-10,2025-11-18,27700.0,363,10066664.873265,9473152.0993659,-593512.7738991007,-0.05895823307631399,TRAIL_INTRA,False,8,2.0,1.5,0.5,False,False
161390,한국타이어앤테크놀로지,2025-11-10,2025-11-18,58500.0,172,10073572.8093,9718847.634988802,-354725.1743111983,-0.035213442244018255,TRAIL_INTRA,False,8,2.0,1.5,0.5,False,False
011070,LG이노텍,2025-11-06,2025-11-18,256000.0,40,10251777.535999998,9521447.30172,-730330.2342799976,-0.07123937597313053,TRAIL_INTRA,False,12,2.0,1.5,0.5,False,False
015760,한국전력,2025-11-06,2025-11-19,46100.0,224,10338276.908960002,10684568.224512,346291.3155519981,0.033496037937605784,TRAIL_INTRA,False,13,2.0,1.5,0.5,False,False
007660,이수페타시스,2025-11-17,2025-11-19,131500.0,76,10005494.599100001,9167374.213236,-838120.3858640008,-0.08376601252069939,TRAIL_INTRA,False,2,2.0,1.5,0.5,False,False
005690,파미셀,2025-11-17,2025-11-19,19270.0,524,10109093.616622,9382459.85517312,-726633.7614488788,-0.07187921974073941,TRAIL_INTRA,False,2,2.0,1.5,0.5,False,False
087010,펩트론,2025-11-20,2025-11-24,386000.0,25,9661098.9475,8851827.2121,-809271.7354000006,-0.08376601252069939,TRAIL_INTRA,False,4,2.0,1.5,0.5,False,False
032350,롯데관광개발,2025-11-20,2025-11-25,22350.0,441,9867686.2809525,9304050.094541999,-563636.1864105016,-0.05711938648662586,TRAIL_INTRA,False,5,2.0,1.5,0.5,False,False
950160,코오롱티슈진,2025-11-21,2025-11-25,65000.0,151,9826288.72225,9418711.068791999,-407577.6534580011,-0.04147829002165478,TRAIL_INTRA,False,4,2.0,1.5,0.5,False,False
347850,디앤디파마텍,2025-11-24,2025-11-25,110000.0,88,9691133.452,8879345.84592,-811787.6060799994,-0.08376601252069925,TRAIL_INTRA,False,1,2.0,1.5,0.5,False,False
214370,케어젠,2025-11-21,2025-11-26,78200.0,125,9786242.71625,9688852.324125,-97390.39212500118,-0.009951765447558845,TRAIL_INTRA,False,5,2.0,1.5,0.5,False,False
095340,ISC,2025-11-25,2025-11-27,102600.0,94,9655492.50666,9631338.3794412,-24154.127218799666,-0.0025015945278958115,TRAIL_INTRA,False,2,2.0,1.5,0.5,False,False
111770,영원무역,2025-11-18,2025-11-28,82600.0,120,9923400.286799999,10611185.200992001,687784.9141920023,0.0693093994310485,TRAIL_INTRA,False,10,2.0,1.5,0.5,False,False
007660,이수페타시스,2025-11-25,2025-12-01,140700.0,69,9719466.001245,9449623.6674498,-269842.33379519917,-0.027763082227010634,TRAIL_INTRA,False,6,2.0,1.5,0.5,False,False
440110,파두,2025-11-27,2025-12-02,28650.0,341,9780886.562947499,9055419.2379783,-725467.3249691986,-0.07417193935337665,TRAIL_INTRA,False,5,2.0,1.5,0.5,False,False
950160,코오롱티슈진,2025-11-28,2025-12-02,85400.0,114,9746797.40034,9275430.715369198,-471366.6849708017,-0.048361186306628154,TRAIL_INTRA,False,4,2.0,1.5,0.5,False,False
009420,한올바이오파마,2025-12-01,2025-12-03,55200.0,177,9781637.425560001,8962268.6624976,-819368.7630624007,-0.08376601252069939,TRAIL_INTRA,False,2,2.0,1.5,0.5,False,False
058470,리노공업,2025-11-25,2025-12-04,63100.0,153,9665403.893145,9866255.7834846,200851.89033959992,0.020780496351740688,TRAIL_INTRA,False,9,2.0,1.5,0.5,False,False
141080,리가켐바이오,2025-11-12,2025-12-05,170700.0,59,10082883.505695,11013415.898660999,930532.3929659985,0.09228832133589726,TRAIL_INTRA,False,23,2.0,1.5,0.5,False,False
326030,SK바이오팜,2025-11-26,2025-12-05,140700.0,69,9719466.001245,9120500.8069626,-598965.1942823995,-0.06162531914877587,TRAIL_INTRA,False,9,2.0,1.5,0.5,False,False
098460,고영,2025-11-28,2025-12-05,23700.0,413,9799357.783215001,11438164.017568799,1638806.2343537975,0.16723608532396428,TRAIL_INTRA,True,7,2.0,1.5,0.5,False,True
108490,로보티즈,2025-12-04,2025-12-08,288000.0,33,9514931.0256,9525335.804325,10404.778725000098,0.001093521192850054,TRAIL_GAP,False,4,2.0,1.5,0.5,False,False
204320,HL만도,2025-12-05,2025-12-09,59200.0,204,12090690.13152,11433441.9795336,-657248.1519863997,-0.05435985413876228,TRAIL_INTRA,False,4,2.5,1.5,1.0,False,False
457190,이수스페셜티케미컬,2025-12-09,2025-12-11,68400.0,142,9723971.17692,9039687.7523112,-684283.4246088006,-0.07037077878562188,TRAIL_INTRA,False,2,2.0,1.5,0.5,False,False
086520,에코프로,2025-12-08,2025-12-12,117500.0,83,9763716.837875,9258002.2472832,-505714.59059179947,-0.05179529465971942,TRAIL_INTRA,False,4,2.0,1.5,0.5,False,False
000810,삼성화재,2025-12-11,2025-12-12,630000.0,15,9460868.917499999,7582580.07975,-1878288.837749999,-0.19853238155278555,TRAIL_GAP,False,1,2.0,1.5,0.5,False,False
005380,현대차,2025-12-05,2025-12-15,315000.0,38,11983767.2955,11189076.511212,-794690.7842879985,-0.06631393656871251,TRAIL_INTRA,False,10,2.5,1.5,1.0,False,False
307950,현대오토에버,2025-12-08,2025-12-15,302000.0,32,9675115.0496,8982082.078847999,-693032.9707520008,-0.07163046301766231,TRAIL_INTRA,False,7,2.0,1.5,0.5,False,False
083650,비에이치아이,2025-12-12,2025-12-15,64200.0,148,9512528.265239999,8715701.703470401,-796826.5617695972,-0.08376601252069904,TRAIL_INTRA,False,3,2.0,1.5,0.5,False,False
323280,태성,2025-12-02,2025-12-16,45350.0,214,9716062.090735001,11431176.6775032,1715114.5867681988,0.17652363382935665,TRAIL_INTRA,True,14,2.0,1.5,0.5,False,True
466100,클로봇,2025-12-12,2025-12-16,61756.0,154,9521362.414163599,9232340.203958256,-289022.2102053426,-0.030355131716801865,TRAIL_INTRA,False,4,2.0,1.5,0.5,False,False
030530,원익홀딩스,2025-12-15,2025-12-16,37500.0,252,9460868.917499999,8668369.6533,-792499.2641999982,-0.08376601252069914,TRAIL_INTRA,False,1,2.0,1.5,0.5,False,False
001430,세아베스틸지주,2025-12-15,2025-12-16,48950.0,193,9458215.869602501,8665938.8406459,-792277.0289566014,-0.08376601252069946,TRAIL_INTRA,False,1,2.0,1.5,0.5,False,False
140410,메지온,2025-12-16,2025-12-17,97000.0,95,9225598.63225,8452807.02171,-772791.6105400007,-0.0837660125206994,TRAIL_INTRA,False,1,2.0,1.5,0.5,False,False
011070,LG이노텍,2025-12-03,2025-12-18,271000.0,36,9767220.8634,9890196.994908001,122976.13150800206,0.012590698339670154,TRAIL_INTRA,False,15,2.0,1.5,0.5,False,False
058610,에스피지,2025-12-19,2025-12-22,89800.0,101,9080231.63047,8319616.8340212,-760614.7964487998,-0.08376601252069929,TRAIL_INTRA,False,3,2.0,1.5,0.5,False,False
307950,현대오토에버,2025-12-19,2025-12-23,305000.0,29,8855173.07675,8552332.747358998,-302840.3293910008,-0.03419925582099954,TRAIL_INTRA,False,4,2.0,1.5,0.5,False,False
028260,삼성물산,2025-12-03,2025-12-24,245500.0,39,9585512.111174999,9390733.791075,-194778.32009999827,-0.020320074487509276,MA20_EXIT,False,21,2.0,1.5,0.5,False,False
437730,삼현,2025-12-22,2025-12-24,56600.0,159,9009750.659909999,9480169.35099,470418.69108000025,0.052212176433825905,TRAIL_GAP,False,2,2.0,1.5,0.5,False,False
237690,에스티팜,2025-11-28,2025-12-26,117000.0,83,9722169.106649999,10202074.844868,479905.738218002,0.049362002754071085,TRAIL_INTRA,False,28,2.0,1.5,0.5,False,False
319400,현대무벡스,2025-12-22,2025-12-30,16130.0,561,9059337.626839498,10848572.90094672,1789235.2741072215,0.1975017763778196,TRAIL_INTRA,True,8,2.0,1.5,0.5,False,True
277810,레인보우로보틱스,2025-12-23,2025-12-30,502000.0,18,9046392.755399998,8288612.506584,-757780.2488159984,-0.08376601252069917,TRAIL_INTRA,False,7,2.0,1.5,0.5,False,False
011210,현대위아,2025-12-17,2026-01-05,73600.0,124,9136896.72896,9258736.077518398,121839.34855839796,0.013334872021943738,TRAIL_INTRA,False,19,2.0,1.5,0.5,False,False
030530,원익홀딩스,2025-12-26,2026-01-05,40100.0,228,9153315.59142,10797625.9392264,1644310.3478063997,0.17964095429504462,TRAIL_INTRA,True,10,2.0,1.5,0.5,False,True
204320,HL만도,2026-01-02,2026-01-05,65400.0,142,9297481.21302,8518668.2853192,-778812.9277008008,-0.0837660125206994,TRAIL_INTRA,False,3,2.0,1.5,0.5,False,False
240810,원익IPS,2026-01-02,2026-01-06,80000.0,116,9290673.391999999,9023176.572019199,-267496.81998080015,-0.028791973271941294,TRAIL_INTRA,False,4,2.0,1.5,0.5,False,False
403870,HPSP,2026-01-06,2026-01-07,39150.0,238,9328416.752655,8547012.4781538,-781404.2745011989,-0.0837660125206992,TRAIL_INTRA,False,1,2.0,1.5,0.5,False,False
039030,이오테크닉스,2026-01-05,2026-01-08,317000.0,28,8886208.731399998,8411529.07098,-474679.6604199987,-0.05341756814046998,TRAIL_INTRA,False,3,2.0,1.5,0.5,False,False
042700,한미반도체,2026-01-05,2026-01-09,167300.0,54,9044590.68513,9793642.484070001,749051.798940001,0.08281765588038159,TRAIL_GAP,False,4,2.0,1.5,0.5,False,False
319660,피에스케이,2026-01-05,2026-01-09,41700.0,220,9184551.476100001,9322435.7325,137884.25639999844,0.015012628189716203,TRAIL_GAP,False,4,2.0,1.5,0.5,False,False
006800,미래에셋증권,2026-01-06,2026-01-09,28576.0,326,9326490.5397664,8619707.5358283,-706783.0039380994,-0.07578231071210653,TRAIL_INTRA,False,3,2.0,1.5,0.5,False,False
011210,현대위아,2026-01-08,2026-01-12,83800.0,109,9144705.70013,9348538.552551,203832.85242099874,0.022289711567000024,TRAIL_INTRA,False,4,2.0,1.5,0.5,False,False
307950,현대오토에버,2026-01-09,2026-01-14,471500.0,19,8968803.618774999,9292025.648025,323222.02925000153,0.036038477704359494,TRAIL_GAP,False,5,2.0,1.5,0.5,False,False
272210,한화시스템,2026-01-09,2026-01-16,76900.0,120,9238613.5842,11073976.834104,1835363.2499039993,0.19866219462223875,TRAIL_INTRA,True,7,2.0,1.5,0.5,False,True
000880,한화,2026-01-14,2026-01-16,128500.0,74,9519936.776349999,9428434.3194084,-91502.45694159903,-0.009611666452335582,TRAIL_INTRA,False,2,2.0,1.5,0.5,False,False
052690,한전기술,2026-01-16,2026-01-21,126700.0,77,9767120.748385,10439285.468396401,672164.7200114019,0.06881912667277558,TRAIL_INTRA,False,5,2.0,1.5,0.5,False,False
022100,포스코DX,2026-01-16,2026-01-21,42000.0,232,9755207.0616,9275773.701240001,-479433.3603599984,-0.049146405333334274,TRAIL_GAP,False,5,2.0,1.5,0.5,False,False
047810,한국항공우주,2026-01-06,2026-01-21,136100.0,68,9265444.40822,11048532.06834,1783087.6601199992,0.19244491484273565,TRAIL_INTRA,True,15,2.0,1.5,0.5,False,True
012450,한화에어로스페이스,2026-01-09,2026-01-21,1214000.0,7,8507773.974699998,8976578.352084002,468804.37738400325,0.055103059716690966,TRAIL_INTRA,False,12,2.0,1.5,0.5,False,False
005380,현대차,2026-01-07,2026-01-23,350500.0,26,9123481.316949999,13073684.166063,3950202.8491130006,0.43297100217371437,TRAIL_GAP,True,16,2.0,1.5,0.5,False,True
012330,현대모비스,2026-01-21,2026-01-23,487500.0,20,9761213.962499999,8913644.433,-847569.5294999983,-0.08683034023802123,TRAIL_GAP,False,2,2.0,1.5,0.5,False,False
204320,HL만도,2026-01-21,2026-01-23,71400.0,141,10078979.02011,9405091.339155002,-673887.6809549984,-0.06686070876925426,TRAIL_GAP,False,2,2.0,1.5,0.5,False,False
160190,하이젠알앤엠,2026-01-21,2026-01-23,72900.0,138,10071770.73903,9645281.15391,-426489.58511999995,-0.04234504499464755,TRAIL_GAP,False,2,2.0,1.5,0.5,False,False
011210,현대위아,2026-01-21,2026-01-23,93700.0,107,10037431.288885,9484257.263985,-553174.0248999987,-0.055111114485292545,TRAIL_GAP,False,2,2.0,1.5,0.5,False,False
000720,현대건설,2026-01-12,2026-01-26,91100.0,101,9211682.645165,11095114.335444,1883431.6902789995,0.20446120028544074,TRAIL_GAP,True,14,2.0,1.5,0.5,False,True
086520,에코프로,2026-01-26,2026-01-30,130200.0,95,12383226.205349999,15735645.367835399,3352419.1624854,0.27072259739849014,TRAIL_INTRA,True,4,2.5,1.5,1.0,False,True
030610,교보증권,2026-01-23,2026-02-02,11370.0,867,9869127.9371685,9662755.486385701,-206372.45078279823,-0.020910910477264264,TRAIL_INTRA,False,10,2.0,1.5,0.5,False,False
277810,레인보우로보틱스,2026-01-26,2026-02-02,679000.0,18,12236057.133299999,12652589.2455,416532.11220000125,0.03404136705658425,TRAIL_GAP,False,7,2.5,1.5,1.0,False,False
237690,에스티팜,2026-01-23,2026-02-02,139600.0,70,9783239.2658,10678147.209954,894907.9441539999,0.09147358250578584,TRAIL_INTRA,False,10,2.0,1.5,0.5,False,False
000250,삼천당제약,2026-01-23,2026-02-02,360000.0,27,9731179.457999999,12309762.903011998,2578583.4450119995,0.26498159407513,TRAIL_INTRA,True,10,2.0,1.5,0.5,False,True
006800,미래에셋증권,2026-01-23,2026-02-02,34649.0,284,9851633.839447401,11747304.122402411,1895670.2829550095,0.19242191841971074,TRAIL_INTRA,True,10,2.0,1.5,0.5,False,True
034730,SK,2026-01-06,2026-02-02,287500.0,32,9210581.379999999,9965414.594015999,754833.2140159998,0.08195283043207853,TRAIL_INTRA,False,27,2.0,1.5,0.5,False,False
005930,삼성전자,2026-01-05,2026-02-02,138100.0,66,9125083.157189999,10086129.6677064,961046.5105164014,0.10531920574982995,TRAIL_INTRA,False,28,2.0,1.5,0.5,False,False
353200,대덕전자,2026-01-30,2026-02-05,63300.0,259,16413556.364205,15390892.72098,-1022663.6432250012,-0.062306036579326936,TRAIL_GAP,False,6,3.0,1.5,1.5,False,False
272210,한화시스템,2026-02-03,2026-02-05,119500.0,89,10647732.420325,10204826.70825,-442905.7120750006,-0.04159624740658931,TRAIL_INTRA,False,2,2.0,1.5,0.5,False,False
001440,대한전선,2026-02-03,2026-02-05,30800.0,346,10669056.91852,10933795.3181418,264738.3996217996,0.024813664566945042,TRAIL_INTRA,False,2,2.0,1.5,0.5,False,False
267270,HD건설기계,2026-02-03,2026-02-05,135900.0,78,10612391.82003,9674594.48124,-937797.3387899995,-0.08836814119697178,TRAIL_GAP,False,2,2.0,1.5,0.5,False,False
189300,인텔리안테크,2026-02-03,2026-02-05,107100.0,99,10615094.925435,9870814.305,-744280.6204349995,-0.07011530520105069,TRAIL_GAP,False,2,2.0,1.5,0.5,False,False
006800,미래에셋증권,2026-02-03,2026-02-06,49734.0,214,10655317.1338614,9985034.5822881,-670282.5515733007,-0.06290592228768284,TRAIL_GAP,False,3,2.0,1.5,0.5,False,False
020150,롯데에너지머티리얼즈,2026-02-04,2026-02-06,47750.0,223,10660497.084737498,10330036.492131,-330460.5926064979,-0.030998610100425268,TRAIL_INTRA,False,2,2.0,1.5,0.5,False,False
440110,파두,2026-02-05,2026-02-06,44700.0,233,10427078.927265001,9553644.1032894,-873434.8239756022,-0.08376601252069951,TRAIL_INTRA,False,1,2.0,1.5,0.5,False,False
139480,이마트,2026-02-05,2026-02-09,103600.0,100,10371915.554000001,10987512.489,615596.9349999987,0.059352289535619045,TRAIL_GAP,False,4,2.0,1.5,0.5,False,False
009830,한화솔루션,2026-02-06,2026-02-10,39616.0,259,10272345.164681599,11126231.289869472,853886.1251878738,0.08312475014212987,TRAIL_INTRA,False,4,2.0,1.5,0.5,False,False
010060,OCI홀딩스,2026-02-06,2026-02-10,151100.0,67,10135343.773555,10036137.482933398,-99206.29062160105,-0.009788152512443509,TRAIL_INTRA,False,4,2.0,1.5,0.5,False,False
032190,다우데이타,2026-02-09,2026-02-10,29750.0,352,10484044.3708,9605837.778768,-878206.5920320004,-0.08376601252069936,TRAIL_INTRA,False,1,2.0,1.5,0.5,False,False
499790,GS피앤엘,2026-02-05,2026-02-11,60800.0,171,10408757.879519999,9913312.6473168,-495445.2322031986,-0.04759888143598995,TRAIL_INTRA,False,6,2.0,1.5,0.5,False,False
232140,와이씨,2026-02-09,2026-02-11,21950.0,477,10482192.2430225,10344164.7182625,-138027.5247600004,-0.013167810851005792,TRAIL_GAP,False,2,2.0,1.5,0.5,False,False
056080,유진로봇,2026-02-10,2026-02-11,45700.0,229,10477336.664795,9599691.950548198,-877644.714246802,-0.08376601252069951,TRAIL_INTRA,False,1,2.0,1.5,0.5,False,False
023530,롯데쇼핑,2026-02-04,2026-02-12,95900.0,111,10657143.231735,12498472.9314846,1841329.6997496001,0.17277892017688765,TRAIL_INTRA,True,8,2.0,1.5,0.5,False,True
017800,현대엘리베이터,2026-02-06,2026-02-12,102200.0,100,10231754.533,10090165.734,-141588.79900000058,-0.013838173945958227,TRAIL_INTRA,False,6,2.0,1.5,0.5,False,False
139480,이마트,2026-02-10,2026-02-12,117600.0,89,10478437.92996,11135506.9040424,657068.974082401,0.06270676779061755,TRAIL_INTRA,False,2,2.0,1.5,0.5,False,False
032820,우리기술,2026-02-12,2026-02-13,13620.0,774,10554004.743282,9669937.84981272,-884066.8934692796,-0.08376601252069929,TRAIL_INTRA,False,1,2.0,1.5,0.5,False,False
005440,현대지에프홀딩스,2026-02-11,2026-02-13,12100.0,866,10490651.961790001,11570189.64858,1079537.6867899988,0.10290472801137511,TRAIL_GAP,False,2,2.0,1.5,0.5,False,False
000120,CJ대한통운,2026-02-11,2026-02-13,145700.0,71,10356597.956705,9638860.139352001,-717737.817352999,-0.06930246982198686,TRAIL_INTRA,False,2,2.0,1.5,0.5,False,False
189300,인텔리안테크,2026-02-11,2026-02-13,133400.0,78,10417167.54078,9952389.1073412,-464778.4334388003,-0.044616584270084546,TRAIL_INTRA,False,2,2.0,1.5,0.5,False,False
047040,대우건설,2026-02-10,2026-02-13,7060.0,1485,10496158.287615001,10951865.8876836,455707.600068599,0.043416608970761585,TRAIL_INTRA,False,3,2.0,1.5,0.5,False,False
006800,미래에셋증권,2026-02-13,2026-02-23,61334.0,168,10315963.2744168,11415741.99426058,1099778.7198437788,0.10660940627533916,TRAIL_INTRA,False,10,2.0,1.5,0.5,False,False
003530,한화투자증권,2026-02-13,2026-02-23,7360.0,1406,10360061.936223999,13137230.673865078,2777168.7376410794,0.26806487786821986,TRAIL_INTRA,True,10,2.0,1.5,0.5,False,True
347700,스피어,2026-02-13,2026-02-23,44600.0,232,10359100.832080001,10420788.160619998,61687.32853999734,0.005954892180310128,TRAIL_GAP,False,10,2.0,1.5,0.5,False,False
088350,한화생명,2026-02-13,2026-02-23,4830.0,2142,10357759.290878998,12914880.112599479,2557120.821720481,0.24687973044249747,TRAIL_INTRA,True,10,2.0,1.5,0.5,False,True
071050,한국금융지주,2026-02-12,2026-02-24,246500.0,42,10364907.50295,11453135.74965,1088228.2467,0.10499160232643416,TRAIL_GAP,False,12,2.0,1.5,0.5,False,False
032830,삼성생명,2026-02-23,2026-02-26,232000.0,59,13703743.2532,14044134.770037,340391.516836999,0.024839309271028058,TRAIL_INTRA,False,3,2.5,1.5,1.0,False,False
103590,일진전기,2026-02-23,2026-02-26,82300.0,167,13759907.776615,14652675.4572,892767.6805850007,0.06488180699163273,TRAIL_GAP,False,3,2.5,1.5,1.0,False,False
017960,한국카본,2026-02-23,2026-02-26,40900.0,336,13758205.82136,13685136.24492,-73069.57643999904,-0.005310981489065709,TRAIL_GAP,False,3,2.5,1.5,1.0,False,False
048410,현대바이오,2026-02-24,2026-02-26,20000.0,555,11112766.665,10873599.3037125,-239167.36128749885,-0.02152185576259455,TRAIL_GAP,False,2,2.0,1.5,0.5,False,False
036540,SFA반도체,2026-02-26,2026-02-27,8340.0,1394,11639331.597893998,10664351.201532241,-974980.3963617571,-0.08376601252069908,TRAIL_INTRA,False,1,2.0,1.5,0.5,False,False
002380,KCC,2026-02-11,2026-03-03,549000.0,19,10442997.21465,12280449.575682,1837452.3610319998,0.17595067041235274,TRAIL_INTRA,True,20,2.0,1.5,0.5,False,True
042700,한미반도체,2026-02-12,2026-03-03,209500.0,50,10487047.82125,14560149.03624,4073101.214990001,0.38839350067009704,TRAIL_INTRA,True,19,2.0,1.5,0.5,False,True
009150,삼성전기,2026-02-23,2026-03-03,426500.0,32,13663697.2472,13719434.832,55737.584800001234,0.004079246179976882,TRAIL_GAP,False,8,2.5,1.5,1.0,False,False
080220,제주반도체,2026-02-26,2026-03-03,50700.0,229,11623653.586545,11165087.441295,-458566.14525000006,-0.03945111937788776,TRAIL_GAP,False,5,2.0,1.5,0.5,False,False
047040,대우건설,2026-02-26,2026-03-03,10050.0,1156,11631162.21267,10974981.540092397,-656180.6725776028,-0.056415744237735356,TRAIL_INTRA,False,5,2.0,1.5,0.5,False,False
012330,현대모비스,2026-02-26,2026-03-03,529000.0,21,11121777.01635,10228676.190894,-893100.825455999,-0.08030198988372646,TRAIL_INTRA,False,5,2.0,1.5,0.5,False,False
178320,서진시스템,2026-02-27,2026-03-03,47550.0,244,11615544.27033,10642556.4435468,-972987.8267832007,-0.08376601252069937,TRAIL_INTRA,False,4,2.0,1.5,0.5,False,False
263750,펄어비스,2026-03-03,2026-03-04,60000.0,188,11292973.692,10347006.31632,-945967.3756799996,-0.08376601252069928,TRAIL_INTRA,False,1,2.0,1.5,0.5,False,False
226950,올릭스,2026-03-03,2026-03-04,194200.0,58,11276554.829540001,10331962.7964984,-944592.033041602,-0.08376601252069948,TRAIL_INTRA,False,1,2.0,1.5,0.5,False,False
028670,팬오션,2026-03-03,2026-03-04,6200.0,1821,11303185.42353,10356362.6518188,-946822.7717111986,-0.0837660125206992,TRAIL_INTRA,False,1,2.0,1.5,0.5,False,False
010950,S-Oil,2026-03-03,2026-03-04,141300.0,79,11175538.779405,10239408.4580838,-936130.3213212006,-0.08376601252069937,TRAIL_INTRA,False,1,2.0,1.5,0.5,False,False
272210,한화시스템,2026-03-03,2026-03-04,146700.0,76,11162023.25238,10227025.072864799,-934998.1795152016,-0.08376601252069946,TRAIL_INTRA,False,1,2.0,1.5,0.5,False,False
064350,현대로템,2026-03-03,2026-03-04,249000.0,45,11217887.43075,10278209.73177,-939677.6989799999,-0.08376601252069932,TRAIL_INTRA,False,1,2.0,1.5,0.5,False,False
012450,한화에어로스페이스,2026-03-03,2026-03-04,1432000.0,7,10035529.1036,9194892.847056,-840636.2565439995,-0.08376601252069928,TRAIL_INTRA,False,1,2.0,1.5,0.5,False,False
047810,한국항공우주,2026-02-13,2026-03-04,176700.0,58,10260387.42729,11276657.5545,1016270.1272100005,0.09904792917536258,TRAIL_GAP,False,19,2.0,1.5,0.5,False,False
036930,주성엔지니어링,2026-03-05,2026-03-09,66800.0,160,10700292.803199999,9970519.5,-729773.303199999,-0.0682012461361576,TRAIL_GAP,False,4,2.0,1.5,0.5,False,False
064760,티씨케이,2026-03-05,2026-03-09,245000.0,43,10547116.830249999,10289576.124,-257540.70624999888,-0.024418114485216563,TRAIL_GAP,False,4,2.0,1.5,0.5,False,False
031980,피에스케이홀딩스,2026-03-05,2026-03-10,109100.0,98,10704097.17377,10976082.2854452,271985.111675201,0.02540943969956575,TRAIL_INTRA,False,5,2.0,1.5,0.5,False,False
079550,LIG디펜스앤에어로스페이스,2026-03-06,2026-03-10,834000.0,13,10854469.926299999,9526831.38225,-1327638.5440499987,-0.12231260974183339,TRAIL_GAP,False,4,2.0,1.5,0.5,False,False
078600,대주전자재료,2026-03-06,2026-03-11,118800.0,91,10823234.04162,10400759.3810484,-422474.6605715994,-0.03903405016901623,TRAIL_INTRA,False,5,2.0,1.5,0.5,False,False
115180,큐리언트,2026-03-06,2026-03-11,41200.0,263,10848062.565340001,12899243.9450988,2051181.3797587994,0.18908273872907103,TRAIL_INTRA,True,5,2.0,1.5,0.5,False,True
263750,펄어비스,2026-03-09,2026-03-11,66100.0,161,10654340.011315,10426443.4392804,-227896.57203459926,-0.021390022450247615,TRAIL_INTRA,False,2,2.0,1.5,0.5,False,False
124500,아이티센글로벌,2026-03-10,2026-03-12,62300.0,176,10977411.16472,11616851.67984,639440.5151199996,0.05825057525175698,TRAIL_GAP,False,2,2.0,1.5,0.5,False,False
218410,RFHIC,2026-03-10,2026-03-12,74700.0,147,10993529.682135,12944797.254590401,1951267.5724554006,0.17749236404266971,TRAIL_INTRA,True,2,2.0,1.5,0.5,False,True
043260,성호전자,2026-03-06,2026-03-12,37600.0,288,10841254.74432,13876733.735839797,3035478.9915197976,0.2799933276275202,TRAIL_GAP,True,6,2.0,1.5,0.5,False,True
032820,우리기술,2026-03-10,2026-03-12,20650.0,531,10977761.5672725,11470729.728359701,492968.1610872019,0.04490607288801621,TRAIL_INTRA,False,2,2.0,1.5,0.5,False,False
036930,주성엔지니어링,2026-03-10,2026-03-12,70000.0,156,10932559.637999998,10159879.606344,-772680.0316559989,-0.07067695555670922,TRAIL_INTRA,False,2,2.0,1.5,0.5,False,False
322000,HD현대에너지솔루션,2026-03-12,2026-03-13,130700.0,85,11122277.591425,10190608.747443,-931668.8439819999,-0.0837660125206993,TRAIL_INTRA,False,1,2.0,1.5,0.5,False,False
336260,두산퓨얼셀,2026-03-12,2026-03-16,46250.0,240,11112766.665,10534133.026296,-578633.6387039982,-0.05206926917006389,TRAIL_INTRA,False,4,2.0,1.5,0.5,False,False
010060,OCI홀딩스,2026-03-12,2026-03-16,165800.0,67,11121376.55629,10693741.102452,-427635.4538380001,-0.038451665733423894,TRAIL_INTRA,False,4,2.0,1.5,0.5,False,False
417200,LS머트리얼즈,2026-03-13,2026-03-16,22850.0,483,11049243.6879825,10123692.602870699,-925551.0851118006,-0.08376601252069937,TRAIL_INTRA,False,3,2.0,1.5,0.5,False,False
174900,앱클론,2026-03-13,2026-03-17,89100.0,124,11061107.317259999,10896645.1624848,-164462.15477519855,-0.014868507289371303,TRAIL_INTRA,False,4,2.0,1.5,0.5,False,False
445680,큐리옥스바이오시스템즈,2026-03-18,2026-03-20,139600.0,79,11041084.31426,10365750.89298,-675333.4212800004,-0.061165498066868336,TRAIL_GAP,False,2,2.0,1.5,0.5,False,False
403870,HPSP,2026-03-18,2026-03-20,50000.0,223,11162824.1725,11025524.0975418,-137300.07495819964,-0.012299761497313832,TRAIL_INTRA,False,2,2.0,1.5,0.5,False,False
032820,우리기술,2026-03-18,2026-03-20,29300.0,381,11176139.469495,10554496.8153228,-621642.6541722007,-0.0556223064206526,TRAIL_INTRA,False,2,2.0,1.5,0.5,False,False
047040,대우건설,2026-03-13,2026-03-23,12320.0,896,11051416.183808,15274894.899475442,4223478.7156674415,0.38216628940782066,TRAIL_INTRA,True,10,2.0,1.5,0.5,False,True
131970,두산테스나,2026-03-17,2026-03-23,82700.0,130,10763365.262650002,12885823.6258518,2122458.363201799,0.19719282133506613,TRAIL_INTRA,True,6,2.0,1.5,0.5,False,True
353200,대덕전자,2026-03-18,2026-03-23,74800.0,149,11158018.651779998,11795128.556707801,637109.9049278032,0.05709883849550362,TRAIL_INTRA,False,5,2.0,1.5,0.5,False,False
010060,OCI홀딩스,2026-03-18,2026-03-23,193600.0,57,11047892.13528,11707383.9969,659491.8616199996,0.059693908443765355,TRAIL_GAP,False,5,2.0,1.5,0.5,False,False
001510,SK증권,2026-03-20,2026-03-23,5175.0,2249,11651961.10703625,10675922.78705355,-976038.3199827,-0.08376601252069932,TRAIL_INTRA,False,3,2.0,1.5,0.5,False,False
036930,주성엔지니어링,2026-03-20,2026-03-25,72800.0,159,11588513.216279998,12206907.02385,618393.8075700011,0.05336265282946368,TRAIL_GAP,False,5,2.0,1.5,0.5,False,False
178320,서진시스템,2026-03-24,2026-03-26,49200.0,233,11476784.85954,11177977.328904599,-298807.5306354016,-0.02603582225269474,TRAIL_INTRA,False,2,2.0,1.5,0.5,False,False
095340,ISC,2026-03-16,2026-03-26,220000.0,49,10792398.616999999,11798614.250325,1006215.6333250012,0.09323373506052934,TRAIL_GAP,False,10,2.0,1.5,0.5,False,False
000250,삼천당제약,2026-03-20,2026-03-27,907000.0,12,10896518.2326,13229523.385848,2333005.153248001,0.21410556137722594,TRAIL_INTRA,True,7,2.0,1.5,0.5,False,True
007810,코리아써키트,2026-03-25,2026-03-30,79500.0,147,11699941.227975,11608077.62268,-91863.6052950006,-0.00785162963685247,TRAIL_GAP,False,5,2.0,1.5,0.5,False,False
950160,코오롱티슈진,2026-03-26,2026-03-30,119800.0,97,11633965.433090001,11424636.016711202,-209329.41637879983,-0.017992954988796248,TRAIL_INTRA,False,4,2.0,1.5,0.5,False,False
009420,한올바이오파마,2026-03-26,2026-03-30,64400.0,181,11669806.60846,10692273.441981599,-977533.166478401,-0.08376601252069941,TRAIL_INTRA,False,4,2.0,1.5,0.5,False,False
100790,미래에셋벤처투자,2026-03-27,2026-03-30,32550.0,449,14631759.384742498,13406115.244920298,-1225644.1398222,-0.08376601252069932,TRAIL_INTRA,False,3,2.5,1.5,1.0,False,False
066970,엘앤에프,2026-03-27,2026-03-31,155300.0,94,14614990.119730001,14020193.5586136,-594796.5611164011,-0.04069770531787328,TRAIL_INTRA,False,4,2.5,1.5,1.0,False,False
047040,대우건설,2026-04-01,2026-04-02,19430.0,584,11360170.890067998,10408574.673053281,-951596.2170147169,-0.08376601252069905,TRAIL_INTRA,False,1,2.0,1.5,0.5,False,False
086450,동국제약,2026-04-01,2026-04-03,29000.0,391,11352041.550849998,10831517.7291108,-520523.82173919864,-0.04585288200431435,TRAIL_INTRA,False,2,2.0,1.5,0.5,False,False
475150,SK이터닉스,2026-04-03,2026-04-06,68200.0,165,11265942.637950001,10322239.545882,-943703.0920680016,-0.08376601252069946,TRAIL_INTRA,False,3,2.0,1.5,0.5,False,False
010170,대한광통신,2026-04-03,2026-04-07,12740.0,887,11313377.132057,12027637.083239999,714259.9511829987,0.06313410600969968,TRAIL_GAP,False,4,2.0,1.5,0.5,False,False
001120,LX인터내셔널,2026-04-01,2026-04-07,51000.0,222,11335021.9983,11098265.019606,-236756.97869399935,-0.020887209458394312,TRAIL_INTRA,False,6,2.0,1.5,0.5,False,False
112610,씨에스윈드,2026-04-03,2026-04-07,76900.0,146,11240313.194109999,10277212.67982,-963100.5142899994,-0.08568271165208018,TRAIL_GAP,False,4,2.0,1.5,0.5,False,False
375500,DL이앤씨,2026-04-03,2026-04-09,75000.0,150,11262939.1875,13534501.636314001,2271562.448814001,0.20168469446546064,TRAIL_INTRA,True,6,2.0,1.5,0.5,False,True
028050,삼성E&A,2026-04-03,2026-04-10,40550.0,278,11285865.525935,13909578.6211767,2623713.0952416994,0.23247779173093883,TRAIL_INTRA,True,7,2.0,1.5,0.5,False,True
017670,SK텔레콤,2026-04-08,2026-04-10,89000.0,131,11672409.598849999,11980420.6910958,308011.0922458004,0.02638796125490204,TRAIL_INTRA,False,2,2.0,1.5,0.5,False,False
066970,엘앤에프,2026-04-02,2026-04-13,161600.0,69,11163224.63256,12361095.1256058,1197870.4930457994,0.10730506036328846,TRAIL_INTRA,False,11,2.0,1.5,0.5,False,False
000720,현대건설,2026-04-08,2026-04-13,188700.0,62,11712856.06491,10632561.9948,-1080294.0701100007,-0.09223148172599878,TRAIL_GAP,False,5,2.0,1.5,0.5,False,False
222800,심텍,2026-04-08,2026-04-13,68000.0,172,11709452.154399998,11312359.990725597,-397092.1636744011,-0.03391210437844335,TRAIL_INTRA,False,5,2.0,1.5,0.5,False,False
010170,대한광통신,2026-04-10,2026-04-14,17770.0,828,14730482.801033998,16177654.450101597,1447171.6490675993,0.09824332770450782,TRAIL_INTRA,False,4,2.5,1.5,1.0,False,False
298020,효성티앤씨,2026-04-09,2026-04-17,454000.0,32,14544709.3792,15469141.358016,924431.9788159989,0.063557954629056,TRAIL_INTRA,False,8,2.5,1.5,1.0,False,False
001440,대한전선,2026-04-15,2026-04-17,41250.0,290,11976258.669374999,11358774.753102,-617483.9162729979,-0.05155899962748736,TRAIL_INTRA,False,2,2.0,1.5,0.5,False,False
010120,LS ELECTRIC,2026-04-13,2026-04-20,179200.0,66,11840803.05408,12108198.8808,267395.8267199993,0.022582575311719453,TRAIL_INTRA,False,7,2.0,1.5,0.5,False,False
047040,대우건설,2026-04-15,2026-04-22,28500.0,420,11983767.2955,13337563.93515,1353796.6396500003,0.11296920294491715,TRAIL_GAP,False,7,2.0,1.5,0.5,False,False
100790,미래에셋벤처투자,2026-04-17,2026-04-23,46300.0,258,11959139.00181,14618480.5635228,2659341.5617128015,0.2223689816892599,TRAIL_INTRA,True,6,2.0,1.5,0.5,False,True
067310,하나마이크론,2026-04-20,2026-04-23,38700.0,308,11933309.32794,11569384.0306044,-363925.2973356005,-0.03049659464399583,TRAIL_INTRA,False,3,2.0,1.5,0.5,False,False
011070,LG이노텍,2026-04-10,2026-04-27,380000.0,38,14456608.166,19235445.276024,4778837.110024,0.3305641997867233,TRAIL_INTRA,True,17,2.5,1.5,1.0,False,True
079550,LIG디펜스앤에어로스페이스,2026-04-22,2026-04-27,1020000.0,12,12254077.836,11271632.412672,-982445.4233279992,-0.08017293805999612,TRAIL_INTRA,False,5,2.0,1.5,0.5,False,False
267270,HD건설기계,2026-04-08,2026-04-29,160900.0,72,11598124.25772,14179610.200795198,2581485.9430751987,0.22257788291558417,TRAIL_GAP,True,21,2.0,1.5,0.5,False,True
017960,한국카본,2026-04-13,2026-04-29,50700.0,233,11826686.836965,11562687.8297082,-263999.0072568003,-0.022322313163113103,TRAIL_INTRA,False,16,2.0,1.5,0.5,False,False
080220,제주반도체,2026-04-27,2026-04-29,58400.0,228,13330514.47728,12207505.25502,-1123009.2222600002,-0.08424350194240533,TRAIL_GAP,False,2,2.0,1.5,0.5,False,False
278470,에이피알,2026-04-09,2026-04-30,365500.0,39,14270894.813175,17029388.072493,2758493.2593180016,0.19329504529536154,TRAIL_INTRA,True,21,2.5,1.5,1.0,False,True
178320,서진시스템,2026-04-29,2026-05-06,56700.0,233,13226294.746665,13593104.3617272,366809.61506219953,0.02773336161699332,TRAIL_INTRA,False,7,2.0,1.5,0.5,False,False
062040,산일전기,2026-04-30,2026-05-06,266000.0,62,16510968.273799999,19682603.13456,3171634.8607600015,0.19209260221236255,TRAIL_INTRA,True,6,2.5,1.5,1.0,False,True
020150,롯데에너지머티리얼즈,2026-04-17,2026-05-06,52900.0,226,11969150.50331,16502007.41406,4532856.91075,0.3787116645827508,TRAIL_INTRA,True,19,2.0,1.5,0.5,False,True
417200,LS머트리얼즈,2026-04-29,2026-05-06,31250.0,423,13233953.5453125,12532811.4006426,-701142.1446698997,-0.0529805505413948,TRAIL_INTRA,False,7,2.0,1.5,0.5,False,False
010120,LS ELECTRIC,2026-04-23,2026-05-07,217000.0,59,12817725.37045,17216694.25182,4398968.881370002,0.3431941904069337,TRAIL_INTRA,True,14,2.0,1.5,0.5,False,True
001440,대한전선,2026-04-29,2026-05-07,51200.0,258,13224793.021440001,17160316.9463592,3935523.9249191973,0.2975868067302782,TRAIL_INTRA,True,8,2.0,1.5,0.5,False,True
006800,미래에셋증권,2026-05-06,2026-05-07,83800.0,210,17618240.3397,16142430.598811999,-1475809.7408879995,-0.0837660125206993,TRAIL_INTRA,False,1,2.5,1.5,1.0,False,False
034020,두산에너빌리티,2026-04-23,2026-05-08,122600.0,105,12887805.880950002,13407078.397103999,519272.5161539968,0.040291770449580946,TRAIL_INTRA,False,15,2.0,1.5,0.5,False,False
042700,한미반도체,2026-04-27,2026-05-08,373500.0,35,13087535.335874999,13259395.062269999,171859.72639499977,0.01313155777496968,TRAIL_INTRA,False,11,2.0,1.5,0.5,False,False
016360,삼성증권,2026-05-06,2026-05-08,149500.0,118,17661289.79615,16181873.973954,-1479415.8221959993,-0.08376601252069929,TRAIL_INTRA,False,2,2.5,1.5,1.0,False,False
028050,삼성E&A,2026-05-07,2026-05-08,64400.0,271,17472472.87786,16008873.496005598,-1463599.3818544,-0.08376601252069933,TRAIL_INTRA,False,1,2.5,1.5,1.0,False,False
440110,파두,2026-05-08,2026-05-12,92400.0,148,13690928.53128,13888104.1162776,197175.58499759994,0.014401914709225751,TRAIL_INTRA,False,4,2.0,1.5,0.5,False,False
336260,두산퓨얼셀,2026-05-08,2026-05-12,86300.0,158,13651082.755309999,15043886.736717599,1392803.9814075995,0.10202882850928631,TRAIL_INTRA,False,4,2.0,1.5,0.5,False,False
178320,서진시스템,2026-05-07,2026-05-12,68100.0,257,17521829.580255,16525581.7103658,-996247.8698892016,-0.05685752537005915,TRAIL_INTRA,False,5,2.5,1.5,1.0,False,False
402340,SK스퀘어,2026-05-06,2026-05-12,1089000.0,16,17444040.2136,17685308.66832,241268.45472000167,0.013830996246609209,TRAIL_INTRA,False,6,2.5,1.5,1.0,False,False
028260,삼성물산,2026-05-07,2026-05-12,405000.0,43,17435029.862249997,18932820.068159997,1497790.205910001,0.0859069481236157,TRAIL_INTRA,False,5,2.5,1.5,1.0,False,False
005930,삼성전자,2026-05-06,2026-05-13,266000.0,66,17576192.0334,17372633.1768,-203558.85659999773,-0.011581510728443071,TRAIL_GAP,False,7,2.5,1.5,1.0,False,False
950160,코오롱티슈진,2026-05-08,2026-05-13,127800.0,107,13690327.841190001,14624319.299742002,933991.458552001,0.06822272405646174,TRAIL_INTRA,False,5,2.0,1.5,0.5,False,False
000660,SK하이닉스,2026-05-11,2026-05-13,1880000.0,7,13175135.974,12430246.66065,-744889.3133499995,-0.05653750479843052,TRAIL_GAP,False,2,2.0,1.5,0.5,False,False
000500,가온전선,2026-05-12,2026-05-13,313406.0,44,13805724.412079599,12649273.928120017,-1156450.4839595817,-0.08376601252069917,TRAIL_INTRA,False,1,2.0,1.5,0.5,False,False
397030,에이프릴바이오,2026-05-12,2026-05-13,73300.0,190,13943018.13905,12775067.107038,-1167951.0320119988,-0.08376601252069923,TRAIL_INTRA,False,1,2.0,1.5,0.5,False,False
307950,현대오토에버,2026-05-13,2026-05-15,699000.0,19,13296275.14215,12356783.872973999,-939491.2691760007,-0.07065823015332741,TRAIL_INTRA,False,2,2.0,1.5,0.5,False,False
131970,두산테스나,2026-05-13,2026-05-15,182000.0,75,13665699.5475,13546047.497895,-119652.0496049989,-0.008755647611679566,TRAIL_INTRA,False,2,2.0,1.5,0.5,False,False
322000,HD현대에너지솔루션,2026-05-14,2026-05-15,244000.0,57,13923996.2862,12757638.638951998,-1166357.6472480018,-0.08376601252069944,TRAIL_INTRA,False,1,2.0,1.5,0.5,False,False
033240,자화전자,2026-05-15,2026-05-18,55700.0,252,14052543.96546,12875418.3917016,-1177125.573758401,-0.08376601252069939,TRAIL_INTRA,False,3,2.0,1.5,0.5,False,False
067310,하나마이크론,2026-05-15,2026-05-18,52900.0,265,14034623.377774999,12858998.940189,-1175624.4375859983,-0.0837660125206992,TRAIL_INTRA,False,3,2.0,1.5,0.5,False,False
004170,신세계,2026-05-13,2026-05-18,482500.0,28,13525538.5265,14517076.391999999,991537.8654999994,0.07330856834700683,TRAIL_GAP,False,5,2.0,1.5,0.5,False,False
005380,현대차,2026-05-13,2026-05-18,710000.0,19,13505515.5235,13033463.0904,-472052.4331,-0.034952566770118085,TRAIL_GAP,False,5,2.0,1.5,0.5,False,False
066570,LG전자,2026-05-12,2026-05-18,184900.0,75,13883449.705125002,17985433.2698934,4101983.564768398,0.2954585244943966,TRAIL_INTRA,True,6,2.0,1.5,0.5,False,True
009150,삼성전기,2026-05-12,2026-05-18,958000.0,14,13427425.8118,13819140.027,391714.2152000014,0.029172696292670153,TRAIL_GAP,False,6,2.0,1.5,0.5,False,False
080220,제주반도체,2026-05-14,2026-05-19,75600.0,186,14077772.949239999,16987392.244359,2909619.2951190025,0.20668178877512589,TRAIL_GAP,True,5,2.0,1.5,0.5,False,True
295310,에이치브이엠,2026-05-18,2026-05-19,125300.0,111,13924296.631245,12757913.8252902,-1166382.805954801,-0.08376601252069939,TRAIL_INTRA,False,1,2.0,1.5,0.5,False,False
131290,티에스이,2026-05-18,2026-05-19,223000.0,62,13841901.9739,12682421.039844,-1159480.934055999,-0.08376601252069925,TRAIL_INTRA,False,1,2.0,1.5,0.5,False,False
131290,티에스이,2026-05-20,2026-05-26,237000.0,57,13524537.376349999,13071351.0645,-453186.3118499983,-0.033508452026054014,TRAIL_INTRA,False,6,2.0,1.5,0.5,False,False
080220,제주반도체,2026-05-21,2026-05-26,117800.0,116,13680516.56972,13855831.538759999,175314.96903999895,0.01281493780929554,TRAIL_GAP,False,5,2.0,1.5,0.5,False,False
295310,에이치브이엠,2026-05-26,2026-05-27,133000.0,103,13714755.904849997,12565925.490006,-1148830.414843997,-0.08376601252069912,TRAIL_INTRA,False,1,2.0,1.5,0.5,False,False
036540,SFA반도체,2026-05-22,2026-05-27,10250.0,1337,13720011.943137499,14275456.40592792,555444.4627904221,0.04048425504966455,TRAIL_INTRA,False,5,2.0,1.5,0.5,False,False
403870,HPSP,2026-05-26,2026-05-27,60100.0,228,13718560.27542,12569411.1836232,-1149149.0917968005,-0.08376601252069935,TRAIL_INTRA,False,1,2.0,1.5,0.5,False,False
067310,하나마이크론,2026-05-21,2026-05-27,54500.0,250,13640670.79375,12498046.19325,-1142624.6004999988,-0.08376601252069923,TRAIL_INTRA,False,6,2.0,1.5,0.5,False,False
036930,주성엔지니어링,2026-05-22,2026-05-27,224000.0,61,13679715.6496,13820775.192198,141059.54259800166,0.010311584407979,TRAIL_INTRA,False,5,2.0,1.5,0.5,False,False
032500,케이엠더블유,2026-05-22,2026-05-28,36400.0,376,13702141.41296,12657837.7269648,-1044303.6859952006,-0.07621463350301282,TRAIL_INTRA,False,6,2.0,1.5,0.5,False,False
009150,삼성전기,2026-05-26,2026-05-28,1572000.0,8,12590464.2864,12674524.3884,84060.10199999996,0.006676489451687672,TRAIL_GAP,False,2,2.0,1.5,0.5,False,False
011070,LG이노텍,2026-05-26,2026-05-28,1068000.0,12,12830740.322399998,12311597.4786,-519142.843799999,-0.04046086435820665,TRAIL_GAP,False,2,2.0,1.5,0.5,False,False
347850,디앤디파마텍,2026-05-28,2026-05-29,107500.0,124,13345331.499499999,12227446.29402,-1117885.2054799981,-0.08376601252069918,TRAIL_INTRA,False,1,2.0,1.5,0.5,False,False
009150,삼성전기,2026-05-28,2026-06-01,1849000.0,7,12957886.391449999,14074863.911136001,1116977.5196860023,0.08620059521613166,TRAIL_INTRA,False,4,2.0,1.5,0.5,False,False
353200,대덕전자,2026-05-29,2026-06-01,190900.0,70,13378369.45445,12257716.791222,-1120652.6632279996,-0.08376601252069929,TRAIL_INTRA,False,3,2.0,1.5,0.5,False,False
018260,삼성에스디에스,2026-06-01,2026-06-02,362000.0,37,13409405.1091,11454631.327575,-1954773.781524999,-0.145776323828,TRAIL_GAP,False,1,2.0,1.5,0.5,False,False
181710,NHN,2026-06-01,2026-06-02,59600.0,225,13425423.5115,12300829.31754,-1124594.1939599998,-0.0837660125206993,TRAIL_INTRA,False,1,2.0,1.5,0.5,False,False
108490,로보티즈,2026-06-01,2026-06-02,402500.0,33,13297776.867375,12183875.123805,-1113901.74357,-0.08376601252069932,TRAIL_INTRA,False,1,2.0,1.5,0.5,False,False
064400,LG씨엔에스,2026-06-01,2026-06-02,143700.0,93,13379470.719615,12258725.807795402,-1120744.9118195977,-0.08376601252069915,TRAIL_INTRA,False,1,2.0,1.5,0.5,False,False
000150,두산,2026-05-29,2026-06-02,1972000.0,6,11845608.5748,12981895.563546,1136286.9887460005,0.0959247455773023,TRAIL_GAP,True,4,2.0,1.5,0.5,False,True
307950,현대오토에버,2026-05-29,2026-06-02,931000.0,14,13048991.0551,12562854.57,-486136.48509999923,-0.03725471824199007,TRAIL_GAP,False,4,2.0,1.5,0.5,False,False
012330,현대모비스,2026-05-29,2026-06-02,768000.0,17,13071016.3584,12818179.633356,-252836.7250440009,-0.019343310276061055,TRAIL_INTRA,False,4,2.0,1.5,0.5,False,False
011070,LG이노텍,2026-05-29,2026-06-02,1458000.0,9,13137092.268299999,12392358.68655,-744733.581749998,-0.05668937741626824,TRAIL_GAP,False,4,2.0,1.5,0.5,False,False
454910,두산로보틱스,2026-06-02,2026-06-04,166700.0,76,12683771.48038,11621302.519744799,-1062468.960635202,-0.08376601252069947,TRAIL_INTRA,False,2,2.0,1.5,0.5,False,False
036930,주성엔지니어링,2026-06-04,2026-06-05,250500.0,50,12539405.62875,11391318.52875,-1148087.0999999996,-0.09155833489967798,TRAIL_GAP,False,1,2.0,1.5,0.5,False,False
319660,피에스케이,2026-06-05,2026-06-08,126500.0,99,12537903.903524999,11487653.688158998,-1050250.2153660003,-0.08376601252069935,TRAIL_INTRA,False,3,2.0,1.5,0.5,False,False
085620,미래에셋생명,2026-06-09,2026-06-10,24150.0,518,12524088.031455,11474995.116601799,-1049092.9148532022,-0.08376601252069948,TRAIL_INTRA,False,1,2.0,1.5,0.5,False,False
319660,피에스케이,2026-06-09,2026-06-11,138200.0,67,9270049.69891,9586155.973275,316106.2743650004,0.03409973890454645,TRAIL_GAP,False,2,1.5,1.0,0.5,False,False
089970,브이엠,2026-06-09,2026-06-11,76600.0,122,9355948.38178,9433938.0461724,77989.66439239867,0.00833583739562711,TRAIL_INTRA,False,2,1.5,1.0,0.5,False,False
093370,후성,2026-06-10,2026-06-11,16240.0,772,12551699.752592001,11500293.91396032,-1051405.8386316802,-0.08376601252069933,TRAIL_INTRA,False,1,2.0,1.5,0.5,False,False
089970,브이엠,2026-06-12,2026-06-15,97000.0,129,12527391.826949999,11478022.166321998,-1049369.6606280003,-0.08376601252069935,TRAIL_INTRA,False,3,2.0,1.5,0.5,False,False
039030,이오테크닉스,2026-06-12,2026-06-15,612000.0,20,12254077.836,11227602.59856,-1026475.2374399994,-0.08376601252069928,TRAIL_INTRA,False,3,2.0,1.5,0.5,False,False
069960,현대백화점,2026-06-09,2026-06-15,166800.0,75,12524388.376500001,13071351.0645,546962.6879999992,0.04367180827977888,TRAIL_INTRA,False,6,2.0,1.5,0.5,False,False
084370,유진테크,2026-06-11,2026-06-15,178300.0,70,12495355.02215,12938344.33437,442989.31221999973,0.03545231899651757,TRAIL_INTRA,False,4,2.0,1.5,0.5,False,False
131290,티에스이,2026-06-11,2026-06-15,260000.0,48,12494353.872,12438422.48664,-55931.38535999879,-0.004476532834990508,TRAIL_INTRA,False,4,2.0,1.5,0.5,False,False
093370,후성,2026-06-12,2026-06-16,19010.0,661,12580062.3363415,14279006.3096907,1698943.9733492006,0.13505052104879178,TRAIL_INTRA,False,4,2.0,1.5,0.5,False,False
319660,피에스케이,2026-06-12,2026-06-16,169900.0,74,12587060.375890002,12114978.834059998,-472081.54183000326,-0.03750530526843711,TRAIL_GAP,False,4,2.0,1.5,0.5,False,False
403870,HPSP,2026-06-15,2026-06-16,83500.0,148,12372213.5537,11335842.558252,-1036370.9954480007,-0.08376601252069937,TRAIL_INTRA,False,1,2.0,1.5,0.5,False,False
281820,케이씨텍,2026-06-12,2026-06-17,87100.0,144,12556825.64136,12663357.406560002,106531.76520000212,0.008483972641071404,TRAIL_GAP,False,5,2.0,1.5,0.5,False,False
085620,미래에셋생명,2026-06-16,2026-06-19,32250.0,382,12333669.272924999,12283181.498025,-50487.77489999868,-0.004093491870325238,TRAIL_GAP,False,3,2.0,1.5,0.5,False,False
001820,삼화콘덴서,2026-06-18,2026-06-19,190100.0,64,12180393.18496,11160090.2169216,-1020302.9680384006,-0.08376601252069937,TRAIL_INTRA,False,1,2.0,1.5,0.5,False,False
347850,디앤디파마텍,2026-06-17,2026-06-22,108100.0,113,12229349.427295,12003077.6996076,-226271.72768739983,-0.01850235198794616,TRAIL_INTRA,False,5,2.0,1.5,0.5,False,False
080220,제주반도체,2026-06-22,2026-06-23,134000.0,68,9122480.1668,8358326.378928,-764153.7878719997,-0.08376601252069929,TRAIL_INTRA,False,1,1.5,1.0,0.5,False,False
034730,SK,2026-06-25,2026-06-29,858000.0,14,12025815.601799998,11300985.62208,-724829.9797199983,-0.06027283335456327,TRAIL_INTRA,False,4,2.0,1.5,0.5,False,False
281820,케이씨텍,2026-06-30,2026-07-02,115100.0,104,11984167.75556,11561814.4122,-422353.34335999936,-0.03524260941391199,TRAIL_GAP,False,2,2.0,1.5,0.5,False,False
